on road old,on road now,years,km,rating,condition,economy,top speed,hp,torque,current price,depreciation,km_per_year,performance,value_score
503327.0,873403.0,7.0,101416.0,3.0,8.0,9.0,171.0,77.0,128.0,291031.5,212295.5,12677.0,205.0,27.0
539063.0,853655.0,5.0,95921.0,2.0,9.0,15.0,195.0,101.0,96.0,340961.5,198101.5,15986.833333333334,197.0,30.0
647186.0,834325.0,3.0,60666.0,4.0,1.0,9.0,146.0,107.0,125.0,498712.0,148474.0,15166.5,232.0,36.0
602944.0,734207.0,7.0,117240.0,4.0,9.0,15.0,148.0,73.0,77.0,221510.0,381434.0,14655.0,150.0,60.0
519091.0,843455.0,3.0,74762.0,2.0,5.0,10.0,138.0,76.0,73.0,383875.5,135215.5,18690.5,149.0,20.0
585069.0,872644.0,6.0,104912.0,2.0,1.0,11.0,176.0,70.0,137.0,305589.0,279480.0,14987.42857142857,207.0,22.0
640397.0,883688.0,3.0,86838.0,1.0,7.0,11.0,181.0,96.0,119.0,423231.5,217165.5,21709.5,215.0,11.0
688765.0,766206.0,2.0,93280.0,3.0,2.0,14.0,145.0,51.0,78.0,354722.0,334043.0,31093.333333333332,129.0,42.0
547423.0,780992.0,5.0,53658.0,2.0,7.0,11.0,167.0,63.0,91.0,456653.5,90769.5,8943.0,154.0,22.0
512809.0,861615.0,3.0,88429.0,5.0,7.0,14.0,174.0,54.0,85.0,343595.0,169214.0,22107.25,139.0,70.0
617740.0,730220.0,2.0,121698.0,1.0,8.0,13.0,156.0,89.0,96.0,203811.5,413928.5,40566.0,185.0,13.0
556907.0,848329.0,7.0,135305.0,5.0,7.0,14.0,197.0,52.0,84.0,163225.0,393682.0,16913.125,136.0,70.0
519884.0,721572.0,2.0,92717.0,4.0,9.0,12.0,192.0,76.0,73.0,280123.0,239761.0,30905.666666666668,149.0,48.0
558831.0,809509.0,7.0,74814.0,5.0,6.0,15.0,156.0,75.0,104.0,382241.0,176590.0,9351.75,179.0,75.0
614671.0,850494.0,4.0,52443.0,2.0,6.0,15.0,163.0,88.0,124.0,526502.5,88168.5,10488.6,212.0,30.0
648198.0,858419.0,2.0,125519.0,3.0,8.0,8.0,185.0,105.0,109.0,267953.5,380244.5,41839.666666666664,214.0,24.0
620963.0,829511.0,3.0,95513.0,2.0,3.0,8.0,153.0,118.0,96.0,343416.5,277546.5,23878.25,214.0,16.0
557758.0,774611.0,5.0,122976.0,5.0,4.0,9.0,179.0,105.0,75.0,175012.5,382745.5,20496.0,180.0,45.0
623722.0,888511.0,3.0,98190.0,2.0,10.0,15.0,166.0,112.0,75.0,413540.0,210182.0,24547.5,187.0,30.0
662318.0,710417.0,4.0,82204.0,4.0,2.0,14.0,141.0,101.0,73.0,357823.0,304495.0,16440.8,174.0,56.0
536651.0,748422.0,5.0,63020.0,4.0,7.0,8.0,186.0,82.0,95.0,398023.0,138628.0,10503.333333333334,177.0,32.0
598238.0,851789.0,4.0,131374.0,5.0,2.0,9.0,181.0,91.0,68.0,200794.5,397443.5,26274.8,159.0,45.0
528703.0,855562.0,3.0,92369.0,5.0,4.0,14.0,176.0,70.0,138.0,324899.5,203803.5,23092.25,208.0,70.0
596607.0,792572.0,4.0,95771.0,1.0,9.0,12.0,136.0,88.0,115.0,340760.0,255847.0,19154.2,203.0,12.0
699714.0,862931.0,6.0,89279.0,2.0,7.0,8.0,153.0,78.0,140.0,428955.5,270758.5,12754.142857142857,218.0,16.0
686990.0,770762.0,2.0,132538.0,2.0,8.0,15.0,181.0,53.0,97.0,215386.0,471604.0,44179.333333333336,150.0,30.0
599775.0,780803.0,4.0,89421.0,4.0,9.0,13.0,188.0,55.0,83.0,362377.0,237398.0,17884.2,138.0,52.0
694702.0,767448.0,6.0,98217.0,2.0,4.0,11.0,190.0,76.0,106.0,335093.5,359608.5,14031.0,182.0,22.0
601147.0,761283.0,6.0,122209.0,4.0,7.0,14.0,167.0,117.0,136.0,197714.5,403432.5,17458.428571428572,253.0,56.0
548082.0,732388.0,5.0,88960.0,3.0,2.0,12.0,143.0,71.0,70.0,283184.0,264898.0,14826.666666666666,141.0,36.0
672201.0,741077.0,3.0,81786.0,1.0,1.0,13.0,138.0,91.0,69.0,379608.0,292593.0,20446.5,160.0,13.0
675458.0,713650.0,5.0,149729.0,3.0,6.0,10.0,154.0,77.0,122.0,98311.5,577146.5,24954.833333333332,199.0,30.0
686601.0,879334.0,7.0,142201.0,5.0,1.0,12.0,135.0,65.0,114.0,207552.0,479049.0,17775.125,179.0,60.0
593981.0,840526.0,4.0,65756.0,3.0,3.0,9.0,200.0,66.0,69.0,454168.5,139812.5,13151.2,135.0,27.0
639183.0,859130.0,2.0,146017.0,4.0,4.0,9.0,162.0,55.0,75.0,166283.0,472900.0,48672.333333333336,130.0,36.0
624535.0,801702.0,5.0,67075.0,1.0,8.0,15.0,138.0,110.0,75.0,459914.5,164620.5,11179.166666666666,185.0,15.0
692378.0,826787.0,3.0,112953.0,2.0,5.0,11.0,188.0,53.0,81.0,309449.0,382929.0,28238.25,134.0,22.0
579505.0,771166.0,5.0,62918.0,4.0,6.0,10.0,174.0,112.0,132.0,426760.0,152745.0,10486.333333333334,244.0,40.0
630842.0,709467.0,6.0,64667.0,4.0,4.0,9.0,150.0,106.0,139.0,408860.5,221981.5,9238.142857142857,245.0,36.0
619697.0,880221.0,5.0,66345.0,4.0,8.0,12.0,185.0,82.0,92.0,500164.0,119533.0,11057.5,174.0,48.0
573999.0,722381.0,4.0,101065.0,4.0,3.0,11.0,197.0,54.0,116.0,244295.5,329703.5,20213.0,170.0,44.0
523637.0,816084.0,7.0,127042.0,5.0,6.0,11.0,135.0,86.0,82.0,158951.5,364685.5,15880.25,168.0,55.0
574548.0,808948.0,7.0,101621.0,5.0,8.0,12.0,140.0,57.0,71.0,295013.0,279535.0,12702.625,128.0,60.0
510669.0,833987.0,3.0,96784.0,3.0,2.0,14.0,145.0,93.0,124.0,285487.0,225182.0,24196.0,217.0,42.0
561292.0,892767.0,2.0,138370.0,2.0,7.0,14.0,169.0,60.0,108.0,182219.5,379072.5,46123.333333333336,168.0,28.0
538205.0,838310.0,2.0,52701.0,3.0,5.0,8.0,143.0,59.0,128.0,479318.5,58886.5,17567.0,187.0,24.0
552309.0,750321.0,6.0,134717.0,4.0,10.0,11.0,164.0,66.0,126.0,159309.5,392999.5,19245.285714285714,192.0,44.0
574691.0,751513.0,2.0,114702.0,4.0,5.0,11.0,175.0,61.0,120.0,206591.0,368100.0,38234.0,181.0,44.0
577821.0,762633.0,2.0,87661.0,1.0,8.0,11.0,150.0,107.0,82.0,336181.5,241639.5,29220.333333333332,189.0,11.0
698848.0,706280.0,7.0,111194.0,2.0,10.0,10.0,199.0,57.0,133.0,299645.0,399203.0,13899.25,190.0,20.0
669082.0,883158.0,3.0,115617.0,5.0,3.0,10.0,151.0,58.0,69.0,315403.5,353678.5,28904.25,127.0,50.0
593544.0,844333.0,2.0,144322.0,3.0,6.0,13.0,180.0,54.0,70.0,145880.5,447663.5,48107.333333333336,124.0,39.0
625048.0,731255.0,5.0,129866.0,1.0,7.0,11.0,171.0,54.0,79.0,165741.5,459306.5,21644.333333333332,133.0,11.0
671271.0,885264.0,2.0,115241.0,4.0,8.0,15.0,197.0,101.0,114.0,334502.0,336769.0,38413.666666666664,215.0,60.0
643414.0,835263.0,6.0,121264.0,3.0,2.0,9.0,198.0,113.0,86.0,250771.0,392643.0,17323.428571428572,199.0,27.0
536149.0,822452.0,7.0,98529.0,3.0,6.0,12.0,143.0,69.0,138.0,281037.5,255111.5,12316.125,207.0,36.0
616528.0,818206.0,5.0,125066.0,1.0,10.0,12.0,152.0,106.0,115.0,265799.5,350728.5,20844.333333333332,221.0,12.0
555055.0,885685.0,4.0,106209.0,3.0,1.0,12.0,184.0,89.0,108.0,295406.5,259648.5,21241.8,197.0,36.0
694577.0,718804.0,7.0,142292.0,4.0,1.0,12.0,135.0,75.0,109.0,129863.0,564714.0,17786.5,184.0,48.0
650007.0,844846.0,6.0,148846.0,2.0,9.0,13.0,138.0,61.0,109.0,177933.5,472073.5,21263.714285714286,170.0,26.0
569918.0,882960.0,6.0,139060.0,4.0,8.0,14.0,145.0,108.0,68.0,183465.5,386452.5,19865.714285714286,176.0,56.0
603745.0,881849.0,4.0,87263.0,2.0,10.0,15.0,137.0,76.0,120.0,443528.0,160217.0,17452.6,196.0,30.0
685165.0,700885.0,6.0,143513.0,3.0,6.0,15.0,141.0,117.0,102.0,119387.0,565778.0,20501.85714285714,219.0,45.0
643100.0,860268.0,3.0,111289.0,2.0,1.0,12.0,153.0,80.0,97.0,306660.0,336440.0,27822.25,177.0,24.0
677501.0,708173.0,5.0,148135.0,2.0,8.0,9.0,159.0,104.0,89.0,115351.0,562150.0,24689.166666666668,193.0,18.0
553193.0,713245.0,7.0,144691.0,3.0,4.0,13.0,144.0,89.0,69.0,46920.5,506272.5,18086.375,158.0,39.0
568395.0,831705.0,6.0,147297.0,5.0,3.0,12.0,156.0,111.0,116.0,108921.5,459473.5,21042.428571428572,227.0,60.0
511480.0,707187.0,7.0,106846.0,4.0,6.0,11.0,145.0,75.0,128.0,178180.5,333299.5,13355.75,203.0,44.0
567270.0,866846.0,2.0,56829.0,4.0,6.0,9.0,144.0,102.0,112.0,494345.5,72924.5,18943.0,214.0,36.0
530534.0,844523.0,2.0,139330.0,4.0,10.0,10.0,191.0,72.0,124.0,180948.0,349586.0,46443.333333333336,196.0,40.0
653115.0,828452.0,3.0,109500.0,2.0,2.0,11.0,149.0,68.0,133.0,302929.5,350185.5,27375.0,201.0,22.0
658513.0,734546.0,6.0,105989.0,3.0,4.0,9.0,149.0,78.0,119.0,269532.5,388980.5,15141.285714285714,197.0,27.0
638444.0,849075.0,7.0,136786.0,5.0,5.0,9.0,174.0,68.0,135.0,191566.0,446878.0,17098.25,203.0,45.0
639784.0,775197.0,4.0,62513.0,4.0,3.0,9.0,148.0,115.0,122.0,457793.0,181991.0,12502.6,237.0,36.0
614333.0,830559.0,5.0,123416.0,3.0,5.0,10.0,153.0,86.0,74.0,229110.0,385223.0,20569.333333333332,160.0,30.0
573043.0,879481.0,2.0,132347.0,2.0,3.0,12.0,200.0,115.0,82.0,197266.0,375777.0,44115.666666666664,197.0,24.0
585809.0,708970.0,5.0,76096.0,5.0,5.0,13.0,162.0,91.0,83.0,344820.5,240988.5,12682.666666666666,174.0,65.0
592610.0,704912.0,3.0,130989.0,1.0,4.0,13.0,189.0,89.0,69.0,125454.0,467156.0,32747.25,158.0,13.0
548129.0,863055.0,2.0,77250.0,2.0,8.0,15.0,184.0,114.0,101.0,413288.0,134841.0,25750.0,215.0,30.0
573920.0,793513.0,6.0,129656.0,5.0,9.0,13.0,186.0,76.0,138.0,192576.0,381344.0,18522.285714285714,214.0,65.0
508356.0,799162.0,7.0,61116.0,2.0,10.0,12.0,185.0,65.0,72.0,451140.5,57215.5,7639.5,137.0,24.0
667176.0,740200.0,6.0,80059.0,2.0,4.0,10.0,157.0,54.0,84.0,380289.5,286886.5,11437.0,138.0,20.0
663651.0,834585.0,7.0,64973.0,4.0,7.0,10.0,186.0,113.0,126.0,490000.5,173650.5,8121.625,239.0,40.0
661301.0,714269.0,4.0,135652.0,4.0,4.0,11.0,140.0,86.0,72.0,145898.5,515402.5,27130.4,158.0,44.0
548477.0,726882.0,6.0,58604.0,3.0,4.0,11.0,153.0,117.0,105.0,400257.0,148220.0,8372.0,222.0,33.0
694363.0,751659.0,6.0,111844.0,5.0,3.0,15.0,144.0,84.0,99.0,273707.0,420656.0,15977.714285714286,183.0,75.0
542922.0,731562.0,4.0,128326.0,4.0,2.0,11.0,145.0,106.0,87.0,124183.5,418738.5,25665.2,193.0,44.0
567129.0,754655.0,5.0,132856.0,1.0,6.0,10.0,136.0,119.0,110.0,132026.5,435102.5,22142.666666666668,229.0,10.0
620354.0,776304.0,4.0,84131.0,5.0,8.0,11.0,185.0,72.0,125.0,379491.0,240863.0,16826.2,197.0,55.0
629323.0,711938.0,7.0,87618.0,5.0,5.0,11.0,161.0,82.0,139.0,315131.5,314191.5,10952.25,221.0,55.0
508242.0,775411.0,4.0,60917.0,1.0,6.0,10.0,151.0,100.0,69.0,401745.0,106497.0,12183.4,169.0,10.0
548996.0,783505.0,7.0,89457.0,1.0,8.0,10.0,184.0,108.0,105.0,316652.0,232344.0,11182.125,213.0,10.0
691946.0,879308.0,6.0,124010.0,5.0,3.0,15.0,137.0,102.0,120.0,287675.0,404271.0,17715.714285714286,222.0,75.0
662468.0,874591.0,7.0,133038.0,3.0,4.0,15.0,184.0,84.0,77.0,228892.5,433575.5,16629.75,161.0,45.0
531885.0,895833.0,6.0,119737.0,2.0,9.0,11.0,155.0,80.0,119.0,260801.0,271084.0,17105.285714285714,199.0,22.0
531988.0,816682.0,7.0,99340.0,5.0,10.0,13.0,143.0,68.0,135.0,320391.5,211596.5,12417.5,203.0,65.0
661074.0,779523.0,6.0,71556.0,4.0,8.0,13.0,160.0,98.0,82.0,447337.0,213737.0,10222.285714285714,180.0,52.0
695631.0,899083.0,4.0,137714.0,1.0,9.0,13.0,197.0,83.0,85.0,275781.0,419850.0,27542.8,168.0,13.0
662990.0,891569.0,6.0,76546.0,1.0,2.0,12.0,146.0,109.0,96.0,467471.5,195518.5,10935.142857142857,205.0,12.0
691375.0,711115.0,4.0,103666.0,5.0,6.0,15.0,152.0,96.0,108.0,291810.0,399565.0,20733.2,204.0,75.0
509560.0,898476.0,7.0,97061.0,4.0,3.0,8.0,176.0,118.0,75.0,308220.5,201339.5,12132.625,193.0,32.0
547835.0,774880.0,4.0,63934.0,1.0,3.0,11.0,198.0,91.0,137.0,405505.0,142330.0,12786.8,228.0,11.0
668434.0,798819.0,5.0,63448.0,1.0,9.0,13.0,173.0,100.0,138.0,508087.0,160347.0,10574.666666666666,238.0,13.0
584786.0,896839.0,6.0,84933.0,3.0,9.0,14.0,159.0,105.0,128.0,427132.5,157653.5,12133.285714285714,233.0,42.0
591356.0,824911.0,3.0,94294.0,3.0,4.0,8.0,180.0,82.0,109.0,331687.0,259669.0,23573.5,191.0,24.0
590968.0,836673.0,2.0,102791.0,1.0,5.0,13.0,149.0,65.0,100.0,304445.0,286523.0,34263.666666666664,165.0,13.0
553351.0,747014.0,7.0,81955.0,5.0,3.0,14.0,190.0,87.0,70.0,315914.5,237436.5,10244.375,157.0,70.0
548116.0,811132.0,4.0,77196.0,3.0,4.0,14.0,155.0,85.0,95.0,371227.0,176889.0,15439.2,180.0,42.0
583781.0,897344.0,6.0,148838.0,4.0,8.0,14.0,149.0,100.0,140.0,158511.0,425270.0,21262.571428571428,240.0,56.0
676727.0,756074.0,4.0,117511.0,3.0,1.0,13.0,139.0,120.0,123.0,246242.0,430485.0,23502.2,243.0,39.0
631833.0,854539.0,6.0,60233.0,4.0,4.0,12.0,173.0,72.0,125.0,499647.0,132186.0,8604.714285714286,197.0,48.0
670656.0,871042.0,4.0,95020.0,5.0,2.0,14.0,182.0,65.0,81.0,392097.5,278558.5,19004.0,146.0,70.0
673745.0,742029.0,3.0,66721.0,2.0,10.0,11.0,138.0,97.0,95.0,491123.0,182622.0,16680.25,192.0,22.0
504016.0,791933.0,4.0,106653.0,4.0,2.0,15.0,194.0,112.0,96.0,221692.0,282324.0,21330.6,208.0,60.0
512638.0,820109.0,6.0,55592.0,4.0,4.0,15.0,142.0,56.0,85.0,441395.5,71242.5,7941.714285714285,141.0,60.0
673588.0,755102.0,6.0,147206.0,3.0,4.0,14.0,193.0,98.0,115.0,122567.5,551020.5,21029.428571428572,213.0,42.0
557635.0,798449.0,3.0,50815.0,3.0,1.0,8.0,181.0,115.0,78.0,475001.5,82633.5,12703.75,193.0,24.0
620721.0,769100.0,6.0,130890.0,3.0,9.0,9.0,168.0,85.0,89.0,197320.0,423401.0,18698.571428571428,174.0,27.0
506067.0,804098.0,5.0,117260.0,2.0,5.0,10.0,155.0,118.0,126.0,186308.0,319759.0,19543.333333333332,244.0,20.0
639403.0,846365.0,7.0,103143.0,2.0,2.0,12.0,155.0,111.0,117.0,322204.0,317199.0,12892.875,228.0,24.0
576412.0,749928.0,4.0,114468.0,2.0,8.0,11.0,137.0,55.0,140.0,221412.5,354999.5,22893.6,195.0,22.0
663985.0,748107.0,3.0,146540.0,3.0,7.0,9.0,164.0,63.0,92.0,128489.5,535495.5,36635.0,155.0,27.0
577471.0,890960.0,3.0,64120.0,3.0,6.0,13.0,144.0,51.0,113.0,481862.0,95609.0,16030.0,164.0,39.0
615930.0,767273.0,5.0,124225.0,4.0,9.0,8.0,145.0,91.0,88.0,223369.5,392560.5,20704.166666666668,179.0,32.0
560066.0,768454.0,5.0,138414.0,4.0,6.0,14.0,155.0,79.0,87.0,113700.0,446366.0,23069.0,166.0,56.0
687237.0,843143.0,6.0,125638.0,1.0,9.0,15.0,143.0,101.0,94.0,288556.5,398680.5,17948.285714285714,195.0,15.0
596236.0,840187.0,4.0,94388.0,2.0,6.0,15.0,162.0,65.0,124.0,344339.5,251896.5,18877.6,189.0,30.0
684924.0,737091.0,7.0,132498.0,1.0,5.0,11.0,164.0,69.0,94.0,174399.0,510525.0,16562.25,163.0,11.0
580102.0,753682.0,2.0,103972.0,2.0,2.0,14.0,196.0,78.0,125.0,251317.5,328784.5,34657.333333333336,203.0,28.0
660260.0,791726.0,2.0,75311.0,4.0,4.0,10.0,143.0,74.0,89.0,425960.0,234300.0,25103.666666666668,163.0,40.0
607256.0,722776.0,4.0,116286.0,2.0,10.0,11.0,144.0,77.0,112.0,249603.0,357653.0,23257.2,189.0,22.0
509579.0,761720.0,2.0,65706.0,4.0,10.0,8.0,148.0,84.0,75.0,423507.0,86072.0,21902.0,159.0,32.0
570570.0,818218.0,6.0,96565.0,4.0,2.0,8.0,166.0,87.0,140.0,305002.5,265567.5,13795.0,227.0,32.0
600974.0,835783.0,5.0,91449.0,5.0,10.0,11.0,149.0,70.0,120.0,402812.5,198161.5,15241.5,190.0,55.0
535651.0,798186.0,3.0,78945.0,1.0,2.0,14.0,177.0,73.0,123.0,351318.0,184333.0,19736.25,196.0,14.0
642174.0,749626.0,3.0,127775.0,5.0,4.0,9.0,182.0,120.0,129.0,187009.0,455165.0,31943.75,249.0,45.0
570781.0,866830.0,4.0,95647.0,2.0,8.0,8.0,192.0,89.0,134.0,352345.0,218436.0,19129.4,223.0,16.0
554778.0,873033.0,2.0,78535.0,3.0,4.0,8.0,185.0,73.0,125.0,400606.5,154171.5,26178.333333333332,198.0,24.0
692157.0,824926.0,7.0,142959.0,2.0,4.0,9.0,198.0,116.0,99.0,179077.0,513080.0,17869.875,215.0,18.0
668427.0,811766.0,3.0,60176.0,4.0,8.0,15.0,151.0,87.0,135.0,516466.0,151961.0,15044.0,222.0,60.0
690836.0,800089.0,6.0,89533.0,1.0,5.0,12.0,180.0,72.0,90.0,385248.5,305587.5,12790.42857142857,162.0,12.0
617893.0,728235.0,5.0,91030.0,4.0,4.0,11.0,163.0,84.0,108.0,308643.5,309249.5,15171.666666666666,192.0,44.0
549326.0,784319.0,5.0,111631.0,4.0,1.0,8.0,136.0,113.0,115.0,219462.5,329863.5,18605.166666666668,228.0,32.0
652544.0,783771.0,7.0,83487.0,4.0,5.0,10.0,141.0,62.0,79.0,378071.5,274472.5,10435.875,141.0,40.0
539392.0,721550.0,3.0,81037.0,4.0,3.0,12.0,175.0,108.0,95.0,307096.0,232296.0,20259.25,203.0,48.0
552280.0,898290.0,2.0,129891.0,5.0,2.0,11.0,144.0,57.0,72.0,207480.5,344799.5,43297.0,129.0,55.0
670488.0,831110.0,6.0,118013.0,1.0,6.0,14.0,151.0,62.0,83.0,278993.5,391494.5,16859.0,145.0,14.0
610246.0,867049.0,5.0,145711.0,3.0,8.0,9.0,194.0,58.0,95.0,170960.5,439285.5,24285.166666666668,153.0,27.0
507804.0,835300.0,7.0,97320.0,3.0,10.0,13.0,175.0,82.0,114.0,324260.0,183544.0,12165.0,196.0,39.0
699322.0,723544.0,5.0,91444.0,4.0,7.0,11.0,153.0,66.0,114.0,353237.0,346085.0,15240.666666666666,180.0,44.0
663877.0,712781.0,4.0,125669.0,1.0,3.0,12.0,153.0,74.0,74.0,185485.5,478391.5,25133.8,148.0,12.0
605017.0,835653.0,4.0,98980.0,4.0,7.0,13.0,146.0,106.0,125.0,333091.5,271925.5,19796.0,231.0,52.0
522690.0,700733.0,3.0,62161.0,1.0,2.0,8.0,170.0,120.0,94.0,363186.5,159503.5,15540.25,214.0,8.0
685935.0,784038.0,5.0,111461.0,2.0,8.0,12.0,142.0,73.0,114.0,304216.5,381718.5,18576.833333333332,187.0,24.0
697488.0,887714.0,2.0,130004.0,3.0,6.0,10.0,198.0,57.0,99.0,276805.5,420682.5,43334.666666666664,156.0,30.0
516747.0,780413.0,2.0,74396.0,1.0,6.0,15.0,159.0,95.0,134.0,355175.0,161572.0,24798.666666666668,229.0,15.0
532784.0,822216.0,4.0,69525.0,1.0,8.0,9.0,181.0,111.0,68.0,415493.0,117291.0,13905.0,179.0,9.0
597229.0,830443.0,6.0,149529.0,1.0,4.0,14.0,147.0,73.0,103.0,112604.0,484625.0,21361.285714285714,176.0,14.0
592277.0,878871.0,4.0,122589.0,1.0,9.0,8.0,200.0,96.0,85.0,274453.5,317823.5,24517.8,181.0,8.0
543149.0,790766.0,4.0,90509.0,4.0,5.0,14.0,143.0,50.0,134.0,306745.5,236403.5,18101.8,184.0,56.0
568688.0,885904.0,4.0,58427.0,5.0,7.0,13.0,181.0,53.0,128.0,503307.5,65380.5,11685.4,181.0,65.0
547027.0,782602.0,2.0,108683.0,4.0,4.0,8.0,152.0,53.0,133.0,231291.5,315735.5,36227.666666666664,186.0,32.0
625747.0,780263.0,5.0,125694.0,2.0,7.0,13.0,155.0,86.0,123.0,207352.5,418394.5,20949.0,209.0,26.0
577448.0,711931.0,7.0,140455.0,4.0,5.0,13.0,137.0,71.0,86.0,76772.0,500676.0,17556.875,157.0,52.0
642206.0,724236.0,6.0,135473.0,5.0,5.0,12.0,158.0,63.0,100.0,140798.5,501407.5,19353.285714285714,163.0,60.0
667905.0,842018.0,7.0,143488.0,4.0,4.0,12.0,142.0,74.0,74.0,173847.0,494058.0,17936.0,148.0,48.0
548859.0,804414.0,5.0,74791.0,5.0,2.0,10.0,147.0,53.0,136.0,377706.5,171152.5,12465.166666666666,189.0,50.0
678529.0,770463.0,3.0,61501.0,3.0,5.0,13.0,142.0,62.0,132.0,480307.0,198222.0,15375.25,194.0,39.0
656956.0,796638.0,6.0,62768.0,1.0,1.0,13.0,165.0,73.0,79.0,472081.0,184875.0,8966.857142857143,152.0,13.0
681606.0,874791.0,4.0,71430.0,2.0,5.0,15.0,140.0,52.0,106.0,493806.5,187799.5,14286.0,158.0,30.0
682642.0,822524.0,3.0,89634.0,1.0,2.0,13.0,183.0,65.0,116.0,394208.5,288433.5,22408.5,181.0,13.0
688038.0,741756.0,5.0,92073.0,5.0,9.0,11.0,195.0,61.0,114.0,376375.0,311663.0,15345.5,175.0,55.0
666466.0,765086.0,5.0,84645.0,4.0,9.0,14.0,170.0,104.0,90.0,405950.0,260516.0,14107.5,194.0,56.0
678638.0,756501.0,7.0,101835.0,4.0,8.0,10.0,193.0,84.0,81.0,318951.0,359687.0,12729.375,165.0,40.0
633344.0,756063.0,5.0,78025.0,1.0,9.0,15.0,171.0,94.0,132.0,410877.0,222467.0,13004.166666666666,226.0,15.0
530056.0,722815.0,2.0,102621.0,3.0,1.0,14.0,145.0,77.0,71.0,216302.0,313754.0,34207.0,148.0,42.0
636836.0,737079.0,4.0,133726.0,1.0,6.0,15.0,170.0,115.0,68.0,155719.0,481117.0,26745.2,183.0,15.0
557537.0,807222.0,4.0,50714.0,1.0,10.0,15.0,178.0,85.0,125.0,529318.5,28218.5,10142.8,210.0,15.0
547958.0,881844.0,7.0,58644.0,3.0,5.0,10.0,170.0,107.0,80.0,473834.0,74124.0,7330.5,187.0,30.0
586866.0,897571.0,4.0,73215.0,1.0,7.0,10.0,175.0,51.0,99.0,457463.0,129403.0,14643.0,150.0,10.0
652099.0,877998.0,7.0,60345.0,3.0,9.0,12.0,183.0,94.0,99.0,545171.0,106928.0,7543.125,193.0,36.0
638415.0,766346.0,4.0,54984.0,3.0,5.0,14.0,169.0,50.0,120.0,483884.0,154531.0,10996.8,170.0,42.0
549439.0,863684.0,4.0,52213.0,3.0,5.0,12.0,146.0,87.0,102.0,499121.0,50318.0,10442.6,189.0,36.0
505738.0,748993.0,5.0,89569.0,1.0,5.0,10.0,189.0,64.0,119.0,269326.0,236412.0,14928.166666666666,183.0,10.0
633227.0,838144.0,7.0,55789.0,3.0,7.0,11.0,162.0,81.0,105.0,512885.5,120341.5,6973.625,186.0,33.0
507272.0,723423.0,7.0,133251.0,4.0,3.0,13.0,199.0,102.0,109.0,74863.0,432409.0,16656.375,211.0,52.0
554382.0,765841.0,3.0,119539.0,4.0,7.0,9.0,142.0,87.0,104.0,190956.5,363425.5,29884.75,191.0,36.0
524395.0,783352.0,2.0,139517.0,4.0,2.0,11.0,179.0,102.0,71.0,96554.0,427841.0,46505.666666666664,173.0,44.0
513242.0,812506.0,7.0,59097.0,4.0,1.0,13.0,168.0,89.0,127.0,418871.5,94370.5,7387.125,216.0,52.0
627403.0,785111.0,7.0,64701.0,4.0,6.0,13.0,186.0,88.0,129.0,443735.5,183667.5,8087.625,217.0,52.0
607956.0,824296.0,6.0,135163.0,3.0,4.0,11.0,188.0,70.0,106.0,172462.0,435494.0,19309.0,176.0,33.0
623158.0,878859.0,6.0,74674.0,5.0,1.0,10.0,158.0,83.0,81.0,450198.5,172959.5,10667.714285714286,164.0,50.0
507180.0,872051.0,7.0,121255.0,2.0,7.0,10.0,192.0,64.0,88.0,204833.5,302346.5,15156.875,152.0,20.0
661095.0,828377.0,2.0,61760.0,4.0,1.0,11.0,136.0,117.0,77.0,498418.0,162677.0,20586.666666666668,194.0,44.0
659900.0,731637.0,4.0,135529.0,2.0,1.0,11.0,154.0,66.0,88.0,153371.5,506528.5,27105.8,154.0,22.0
593348.0,736659.0,6.0,70499.0,5.0,5.0,11.0,184.0,51.0,78.0,382461.5,210886.5,10071.285714285714,129.0,55.0
546212.0,886437.0,2.0,120388.0,3.0,3.0,13.0,151.0,65.0,119.0,235251.5,310960.5,40129.333333333336,184.0,39.0
557488.0,811736.0,5.0,68212.0,5.0,7.0,12.0,172.0,73.0,78.0,420401.0,137087.0,11368.666666666666,151.0,60.0
658505.0,815372.0,3.0,96683.0,3.0,9.0,13.0,151.0,99.0,101.0,379991.0,278514.0,24170.75,200.0,39.0
646344.0,842733.0,7.0,86722.0,1.0,8.0,9.0,196.0,113.0,89.0,405871.0,240473.0,10840.25,202.0,9.0
651106.0,779208.0,4.0,53137.0,3.0,8.0,8.0,191.0,109.0,121.0,518845.0,132261.0,10627.4,230.0,24.0
631967.0,806929.0,3.0,149565.0,5.0,1.0,9.0,151.0,71.0,125.0,122843.5,509123.5,37391.25,196.0,45.0
505560.0,817668.0,6.0,124610.0,3.0,1.0,11.0,159.0,71.0,127.0,159647.0,345913.0,17801.428571428572,198.0,33.0
551204.0,716632.0,3.0,76306.0,2.0,3.0,13.0,161.0,85.0,112.0,328973.5,222230.5,19076.5,197.0,26.0
564077.0,767455.0,6.0,133023.0,1.0,3.0,8.0,186.0,60.0,99.0,130112.5,433964.5,19003.285714285714,159.0,8.0
588251.0,738419.0,7.0,63815.0,4.0,1.0,12.0,142.0,102.0,133.0,400444.5,187806.5,7976.875,235.0,48.0
621591.0,720042.0,2.0,89687.0,1.0,3.0,14.0,184.0,73.0,136.0,312469.0,309122.0,29895.666666666668,209.0,14.0
664925.0,800032.0,4.0,60919.0,4.0,6.0,12.0,160.0,118.0,99.0,492951.0,171974.0,12183.8,217.0,48.0
508364.0,761766.0,2.0,139139.0,4.0,9.0,9.0,154.0,108.0,80.0,108741.0,399623.0,46379.666666666664,188.0,36.0
502281.0,759393.0,7.0,61910.0,5.0,4.0,10.0,162.0,113.0,106.0,377108.5,125172.5,7738.75,219.0,50.0
615409.0,881738.0,4.0,144010.0,5.0,10.0,14.0,188.0,91.0,127.0,223885.0,391524.0,28802.0,218.0,70.0
541106.0,842527.0,4.0,123788.0,3.0,10.0,8.0,136.0,67.0,105.0,246460.0,294646.0,24757.6,172.0,24.0
600832.0,855437.0,6.0,130599.0,4.0,3.0,10.0,184.0,73.0,79.0,202702.0,398130.0,18657.0,152.0,40.0
694439.0,834193.0,5.0,68013.0,3.0,5.0,15.0,179.0,107.0,81.0,492681.5,201757.5,11335.5,188.0,45.0
576916.0,724215.0,7.0,120456.0,3.0,10.0,15.0,182.0,106.0,123.0,210777.5,366138.5,15057.0,229.0,45.0
506146.0,769776.0,6.0,100400.0,1.0,3.0,8.0,195.0,117.0,87.0,232826.5,273319.5,14342.857142857143,204.0,8.0
667629.0,809188.0,6.0,52946.0,2.0,8.0,12.0,198.0,53.0,86.0,539377.0,128252.0,7563.714285714285,139.0,24.0
641948.0,708498.0,4.0,87528.0,4.0,9.0,13.0,190.0,56.0,114.0,354900.0,287048.0,17505.6,170.0,52.0
572777.0,736355.0,2.0,83022.0,4.0,6.0,8.0,179.0,109.0,75.0,327075.5,245701.5,27674.0,184.0,32.0
658253.0,796313.0,5.0,113147.0,3.0,5.0,9.0,189.0,84.0,104.0,275045.5,383207.5,18857.833333333332,188.0,27.0
671058.0,843316.0,5.0,79458.0,5.0,1.0,14.0,156.0,84.0,132.0,439639.5,231418.5,13243.0,216.0,70.0
533865.0,710103.0,2.0,94501.0,1.0,3.0,8.0,158.0,92.0,89.0,244287.5,289577.5,31500.333333333332,181.0,8.0
546978.0,783926.0,6.0,101139.0,1.0,8.0,11.0,200.0,106.0,107.0,273659.5,273318.5,14448.42857142857,213.0,11.0
657738.0,856807.0,7.0,72872.0,4.0,8.0,14.0,174.0,61.0,140.0,474562.5,183175.5,9109.0,201.0,56.0
524473.0,772232.0,3.0,124833.0,4.0,7.0,10.0,197.0,55.0,82.0,158031.5,366441.5,31208.25,137.0,40.0
573279.0,761659.0,3.0,115714.0,4.0,5.0,14.0,140.0,95.0,110.0,206836.5,366442.5,28928.5,205.0,56.0
695797.0,872137.0,7.0,81941.0,3.0,10.0,11.0,144.0,60.0,129.0,498148.0,197649.0,10242.625,189.0,33.0
558209.0,767363.0,3.0,140885.0,4.0,8.0,12.0,151.0,59.0,114.0,116254.5,441954.5,35221.25,173.0,48.0
554232.0,775303.0,7.0,128961.0,1.0,3.0,10.0,176.0,82.0,126.0,140884.0,413348.0,16120.125,208.0,10.0
550135.0,746967.0,2.0,51894.0,4.0,8.0,15.0,160.0,108.0,75.0,458139.0,91996.0,17298.0,183.0,60.0
542393.0,735671.0,2.0,116626.0,2.0,1.0,11.0,143.0,58.0,138.0,172758.5,369634.5,38875.333333333336,196.0,22.0
697098.0,712590.0,6.0,75011.0,1.0,1.0,8.0,187.0,65.0,99.0,401120.5,295977.5,10715.857142857143,164.0,8.0
575398.0,888701.0,7.0,103222.0,2.0,1.0,9.0,198.0,78.0,68.0,310987.0,264411.0,12902.75,146.0,18.0
631367.0,731363.0,4.0,59806.0,2.0,2.0,8.0,156.0,59.0,126.0,441863.5,189503.5,11961.2,185.0,16.0
640520.0,751024.0,4.0,129251.0,2.0,3.0,13.0,142.0,77.0,110.0,178642.5,461877.5,25850.2,187.0,26.0
619831.0,780397.0,4.0,53513.0,3.0,9.0,13.0,174.0,81.0,92.0,515454.0,104377.0,10702.6,173.0,39.0
570874.0,753259.0,5.0,109579.0,5.0,9.0,8.0,135.0,94.0,110.0,253476.5,317397.5,18263.166666666668,204.0,40.0
522401.0,757454.0,4.0,68294.0,5.0,4.0,10.0,163.0,65.0,89.0,368522.5,153878.5,13658.8,154.0,50.0
689781.0,750728.0,5.0,97874.0,5.0,4.0,15.0,142.0,83.0,86.0,329538.5,360242.5,16312.333333333334,169.0,75.0
657060.0,727137.0,2.0,111290.0,1.0,3.0,11.0,183.0,80.0,82.0,247277.5,409782.5,37096.666666666664,162.0,11.0
521785.0,701108.0,7.0,127229.0,1.0,6.0,9.0,175.0,64.0,134.0,98242.5,423542.5,15903.625,198.0,9.0
671230.0,719802.0,2.0,75622.0,2.0,6.0,10.0,200.0,120.0,114.0,397183.0,274047.0,25207.333333333332,234.0,20.0
659445.0,862435.0,7.0,121144.0,1.0,6.0,8.0,153.0,118.0,117.0,272075.0,387370.0,15143.0,235.0,8.0
665231.0,861124.0,6.0,117094.0,1.0,6.0,12.0,162.0,60.0,72.0,295021.0,370210.0,16727.714285714286,132.0,12.0
689087.0,705059.0,6.0,117501.0,2.0,9.0,15.0,189.0,104.0,113.0,253037.0,436050.0,16785.85714285714,217.0,30.0
533518.0,787875.0,4.0,78060.0,5.0,2.0,10.0,187.0,120.0,107.0,349780.0,183738.0,15612.0,227.0,50.0
508437.0,743211.0,6.0,77353.0,4.0,8.0,11.0,184.0,53.0,80.0,329639.0,178798.0,11050.42857142857,133.0,44.0
664655.0,832532.0,3.0,139295.0,5.0,10.0,12.0,150.0,79.0,112.0,243097.0,421558.0,34823.75,191.0,60.0
635763.0,822326.0,3.0,130540.0,1.0,1.0,12.0,159.0,93.0,75.0,206999.5,428763.5,32635.0,168.0,12.0
687819.0,815896.0,7.0,63993.0,3.0,9.0,12.0,148.0,74.0,110.0,517366.0,170453.0,7999.125,184.0,36.0
589165.0,807150.0,6.0,53075.0,5.0,7.0,9.0,200.0,73.0,117.0,492171.0,96994.0,7582.142857142857,190.0,45.0
674051.0,708919.0,2.0,121615.0,4.0,1.0,10.0,163.0,52.0,75.0,205716.5,468334.5,40538.333333333336,127.0,40.0
509187.0,761131.0,7.0,81086.0,3.0,6.0,12.0,191.0,100.0,103.0,306690.0,202497.0,10135.75,203.0,36.0
542613.0,798150.0,4.0,86272.0,3.0,10.0,8.0,192.0,96.0,78.0,375118.0,167495.0,17254.4,174.0,24.0
608405.0,818986.0,7.0,73851.0,1.0,5.0,10.0,175.0,109.0,116.0,411701.0,196704.0,9231.375,225.0,10.0
561891.0,842409.0,3.0,140023.0,5.0,7.0,9.0,174.0,80.0,111.0,152125.5,409765.5,35005.75,191.0,45.0
630597.0,791700.0,3.0,83938.0,5.0,4.0,12.0,136.0,56.0,115.0,377575.0,253022.0,20984.5,171.0,60.0
637691.0,717652.0,2.0,98880.0,2.0,3.0,11.0,195.0,60.0,71.0,282496.5,355194.5,32960.0,131.0,22.0
689935.0,856093.0,5.0,60213.0,4.0,8.0,13.0,165.0,88.0,79.0,547746.0,142189.0,10035.5,167.0,52.0
648262.0,780132.0,4.0,147265.0,5.0,4.0,12.0,181.0,65.0,126.0,126957.5,521304.5,29453.0,191.0,60.0
572094.0,714521.0,4.0,129978.0,5.0,3.0,14.0,169.0,105.0,90.0,124847.5,447246.5,25995.6,195.0,70.0
666094.0,871905.0,6.0,104220.0,3.0,9.0,8.0,198.0,119.0,129.0,378132.5,287961.5,14888.57142857143,248.0,24.0
609545.0,842201.0,3.0,97223.0,1.0,3.0,12.0,173.0,99.0,135.0,337257.0,272288.0,24305.75,234.0,12.0
515637.0,718016.0,5.0,52974.0,1.0,7.0,12.0,185.0,82.0,74.0,412014.5,103622.5,8829.0,156.0,12.0
602529.0,869728.0,3.0,61880.0,3.0,8.0,10.0,179.0,102.0,81.0,505223.5,97305.5,15470.0,183.0,30.0
500265.0,753148.0,7.0,52701.0,5.0,7.0,9.0,184.0,108.0,84.0,417693.5,82571.5,6587.625,192.0,45.0
630266.0,706950.0,6.0,130732.0,4.0,9.0,10.0,135.0,90.0,83.0,172032.5,458233.5,18676.0,173.0,40.0
557987.0,701042.0,5.0,101889.0,3.0,8.0,15.0,187.0,54.0,139.0,237204.0,320783.0,16981.5,193.0,45.0
642956.0,737175.0,6.0,89816.0,1.0,5.0,12.0,170.0,57.0,72.0,328698.0,314258.0,12830.857142857143,129.0,12.0
622325.0,748066.0,3.0,51513.0,3.0,4.0,10.0,146.0,108.0,127.0,479896.0,142429.0,12878.25,235.0,30.0
617887.0,790305.0,4.0,66427.0,1.0,7.0,9.0,158.0,88.0,88.0,446487.5,171399.5,13285.4,176.0,9.0
535574.0,740396.0,7.0,64457.0,5.0,7.0,13.0,159.0,77.0,76.0,381960.0,153614.0,8057.125,153.0,65.0
513917.0,860565.0,5.0,118481.0,3.0,10.0,9.0,186.0,80.0,81.0,262090.0,251827.0,19746.833333333332,161.0,27.0
624982.0,754152.0,7.0,67045.0,1.0,8.0,13.0,188.0,118.0,127.0,429669.0,195313.0,8380.625,245.0,13.0
505785.0,856378.0,2.0,68343.0,3.0,3.0,13.0,157.0,103.0,105.0,408203.5,97581.5,22781.0,208.0,39.0
565452.0,735371.0,3.0,65422.0,5.0,4.0,10.0,155.0,112.0,111.0,390915.5,174536.5,16355.5,223.0,50.0
557962.0,852573.0,3.0,70888.0,3.0,5.0,15.0,189.0,89.0,109.0,423584.0,134378.0,17722.0,198.0,45.0
590078.0,746933.0,5.0,147994.0,4.0,10.0,10.0,146.0,114.0,125.0,125721.5,464356.5,24665.666666666668,239.0,40.0
625272.0,880688.0,6.0,122747.0,5.0,7.0,13.0,149.0,63.0,107.0,268314.0,356958.0,17535.285714285714,170.0,65.0
548987.0,852811.0,7.0,70597.0,1.0,3.0,13.0,191.0,107.0,106.0,410516.0,138471.0,8824.625,213.0,13.0
590329.0,728019.0,7.0,50324.0,2.0,5.0,11.0,196.0,51.0,106.0,451290.0,139039.0,6290.5,157.0,22.0
557699.0,879964.0,7.0,105139.0,5.0,3.0,11.0,197.0,114.0,87.0,291815.5,265883.5,13142.375,201.0,55.0
668839.0,802272.0,6.0,117221.0,5.0,2.0,9.0,187.0,74.0,87.0,264576.5,404262.5,16745.85714285714,161.0,45.0
629081.0,835860.0,5.0,107058.0,2.0,4.0,15.0,189.0,89.0,102.0,303506.5,325574.5,17843.0,191.0,30.0
629254.0,870586.0,7.0,83524.0,2.0,8.0,13.0,194.0,97.0,114.0,424107.5,205146.5,10440.5,211.0,26.0
578908.0,850550.0,7.0,72391.0,5.0,8.0,15.0,163.0,81.0,130.0,435007.5,143900.5,9048.875,211.0,75.0
623187.0,851197.0,6.0,111922.0,3.0,9.0,13.0,193.0,59.0,140.0,315542.5,307644.5,15988.857142857143,199.0,39.0
574876.0,759437.0,3.0,52498.0,1.0,5.0,12.0,137.0,79.0,95.0,458833.5,116042.5,13124.5,174.0,12.0
661284.0,884211.0,3.0,120926.0,5.0,7.0,9.0,166.0,105.0,131.0,299129.5,362154.5,30231.5,236.0,45.0
553494.0,835428.0,5.0,113365.0,4.0,3.0,14.0,156.0,95.0,116.0,240353.5,313140.5,18894.166666666668,211.0,56.0
651702.0,832560.0,5.0,114604.0,4.0,4.0,13.0,185.0,94.0,70.0,283435.5,368266.5,19100.666666666668,164.0,52.0
609167.0,759772.0,3.0,118604.0,3.0,7.0,11.0,137.0,78.0,81.0,218665.5,390501.5,29651.0,159.0,33.0
633837.0,776469.0,2.0,64662.0,1.0,3.0,14.0,135.0,72.0,125.0,446875.0,186962.0,21554.0,197.0,14.0
508452.0,785537.0,4.0,78314.0,2.0,3.0,15.0,188.0,65.0,138.0,333672.0,174780.0,15662.8,203.0,30.0
644052.0,796232.0,2.0,81695.0,2.0,5.0,13.0,150.0,78.0,130.0,395188.0,248864.0,27231.666666666668,208.0,26.0
623627.0,728146.0,7.0,91095.0,4.0,7.0,15.0,161.0,119.0,105.0,312323.5,311303.5,11386.875,224.0,60.0
515594.0,779382.0,4.0,128177.0,2.0,10.0,15.0,191.0,52.0,106.0,184571.0,331023.0,25635.4,158.0,30.0
635487.0,817484.0,5.0,76805.0,2.0,1.0,9.0,135.0,104.0,121.0,417940.0,217547.0,12800.833333333334,225.0,18.0
648199.0,841541.0,7.0,121114.0,2.0,5.0,15.0,161.0,95.0,75.0,253867.0,394332.0,15139.25,170.0,30.0
549029.0,736337.0,4.0,106607.0,2.0,10.0,9.0,155.0,65.0,91.0,265955.0,283074.0,21321.4,156.0,18.0
695207.0,868118.0,6.0,133211.0,3.0,4.0,15.0,155.0,64.0,137.0,245854.5,449352.5,19030.14285714286,201.0,45.0
653906.0,702490.0,4.0,60086.0,5.0,2.0,11.0,168.0,107.0,95.0,439166.0,214740.0,12017.2,202.0,55.0
577540.0,791477.0,7.0,65717.0,1.0,8.0,10.0,186.0,65.0,81.0,429837.5,147702.5,8214.625,146.0,10.0
533969.0,825531.0,4.0,113637.0,2.0,6.0,14.0,162.0,118.0,87.0,228875.5,305093.5,22727.4,205.0,28.0
681544.0,844472.0,6.0,66133.0,3.0,5.0,10.0,152.0,105.0,127.0,496514.0,185030.0,9447.57142857143,232.0,30.0
546807.0,806720.0,6.0,97044.0,3.0,9.0,11.0,177.0,83.0,81.0,314576.5,232230.5,13863.42857142857,164.0,33.0
674576.0,753775.0,5.0,116435.0,2.0,5.0,13.0,175.0,104.0,125.0,248738.0,425838.0,19405.833333333332,229.0,26.0
631154.0,863117.0,4.0,92461.0,5.0,10.0,12.0,194.0,78.0,105.0,428602.5,202551.5,18492.2,183.0,60.0
557572.0,712832.0,4.0,144875.0,2.0,4.0,8.0,182.0,66.0,102.0,55925.0,501647.0,28975.0,168.0,16.0
506121.0,763706.0,2.0,58557.0,4.0,2.0,15.0,196.0,97.0,87.0,401500.0,104621.0,19519.0,184.0,60.0
500921.0,792216.0,6.0,56937.0,5.0,9.0,14.0,185.0,64.0,117.0,446300.5,54620.5,8133.857142857143,181.0,70.0
503255.0,742573.0,5.0,126362.0,5.0,7.0,11.0,140.0,61.0,80.0,126070.5,377184.5,21060.333333333332,141.0,55.0
525901.0,756923.0,7.0,116289.0,1.0,5.0,14.0,145.0,88.0,89.0,169674.5,356226.5,14536.125,177.0,14.0
658177.0,759879.0,7.0,70564.0,1.0,10.0,15.0,176.0,74.0,119.0,468666.0,189511.0,8820.5,193.0,15.0
669877.0,772794.0,3.0,55313.0,2.0,4.0,9.0,140.0,70.0,88.0,500679.5,169197.5,13828.25,158.0,18.0
614542.0,769732.0,2.0,113210.0,3.0,3.0,14.0,191.0,104.0,92.0,239815.5,374726.5,37736.666666666664,196.0,42.0
663185.0,714026.0,3.0,68247.0,3.0,7.0,13.0,189.0,103.0,107.0,424305.0,238880.0,17061.75,210.0,39.0
647956.0,859535.0,6.0,85070.0,1.0,10.0,11.0,158.0,102.0,130.0,459833.5,188122.5,12152.857142857143,232.0,11.0
509826.0,840086.0,7.0,92567.0,3.0,8.0,12.0,191.0,83.0,101.0,313049.5,196776.5,11570.875,184.0,36.0
630883.0,744258.0,6.0,94437.0,5.0,9.0,15.0,176.0,84.0,126.0,337327.0,293556.0,13491.0,210.0,75.0
514779.0,759061.0,4.0,132690.0,2.0,6.0,12.0,172.0,100.0,137.0,109828.5,404950.5,26538.0,237.0,24.0
512312.0,779578.0,2.0,133956.0,2.0,2.0,9.0,189.0,77.0,98.0,110359.5,401952.5,44652.0,175.0,18.0
554928.0,730625.0,5.0,129991.0,3.0,4.0,14.0,168.0,71.0,77.0,122139.5,432788.5,21665.166666666668,148.0,42.0
542761.0,830535.0,6.0,104526.0,5.0,8.0,8.0,188.0,88.0,98.0,282821.5,259939.5,14932.285714285714,186.0,40.0
530050.0,736198.0,2.0,74905.0,4.0,6.0,13.0,169.0,72.0,97.0,338141.5,191908.5,24968.333333333332,169.0,52.0
513645.0,798283.0,2.0,124499.0,1.0,10.0,12.0,181.0,54.0,95.0,208189.5,305455.5,41499.666666666664,149.0,12.0
502131.0,807383.0,5.0,125450.0,2.0,3.0,15.0,188.0,119.0,77.0,151836.5,350294.5,20908.333333333332,196.0,30.0
583009.0,840537.0,5.0,148481.0,2.0,10.0,12.0,172.0,96.0,125.0,166571.0,416438.0,24746.833333333332,221.0,24.0
586833.0,842082.0,7.0,110122.0,3.0,10.0,9.0,195.0,67.0,132.0,315925.0,270908.0,13765.25,199.0,27.0
655253.0,874106.0,4.0,141405.0,4.0,2.0,10.0,197.0,72.0,107.0,199313.5,455939.5,28281.0,179.0,40.0
579087.0,734380.0,7.0,140740.0,3.0,8.0,11.0,176.0,112.0,129.0,102144.5,476942.5,17592.5,241.0,33.0
620112.0,850548.0,5.0,113638.0,4.0,9.0,8.0,171.0,51.0,120.0,309455.0,310657.0,18939.666666666668,171.0,32.0
598876.0,819161.0,6.0,100630.0,3.0,9.0,8.0,166.0,76.0,138.0,332478.5,266397.5,14375.714285714286,214.0,24.0
601097.0,848296.0,7.0,59454.0,3.0,9.0,11.0,135.0,84.0,71.0,508328.5,92768.5,7431.75,155.0,33.0
515478.0,727556.0,7.0,131174.0,2.0,5.0,10.0,195.0,53.0,100.0,90220.0,425258.0,16396.75,153.0,20.0
620611.0,890441.0,4.0,71450.0,5.0,4.0,10.0,184.0,120.0,74.0,471527.5,149083.5,14290.0,194.0,50.0
675812.0,834425.0,6.0,124754.0,1.0,6.0,10.0,198.0,61.0,98.0,256331.5,419480.5,17822.0,159.0,10.0
602489.0,833980.0,6.0,104924.0,1.0,3.0,11.0,158.0,55.0,125.0,295002.0,307487.0,14989.142857142857,180.0,11.0
640205.0,750816.0,2.0,87383.0,5.0,8.0,10.0,197.0,81.0,115.0,364155.5,276049.5,29127.666666666668,196.0,50.0
544593.0,874532.0,2.0,109453.0,5.0,4.0,13.0,159.0,99.0,105.0,274075.0,270518.0,36484.333333333336,204.0,65.0
620809.0,760522.0,2.0,146254.0,3.0,5.0,8.0,151.0,74.0,77.0,107500.5,513308.5,48751.333333333336,151.0,24.0
607360.0,890036.0,3.0,102435.0,5.0,6.0,9.0,146.0,70.0,119.0,344495.0,262865.0,25608.75,189.0,45.0
600873.0,718675.0,5.0,91204.0,5.0,5.0,15.0,183.0,76.0,133.0,296829.0,304044.0,15200.666666666666,209.0,75.0
543587.0,811245.0,3.0,72714.0,5.0,3.0,12.0,151.0,100.0,112.0,388376.0,155211.0,18178.5,212.0,60.0
634461.0,710901.0,2.0,115874.0,4.0,9.0,8.0,155.0,51.0,119.0,239400.0,395061.0,38624.666666666664,170.0,32.0
668006.0,792678.0,4.0,85600.0,1.0,4.0,14.0,181.0,89.0,68.0,388209.5,279796.5,17120.0,157.0,14.0
665173.0,813933.0,4.0,130393.0,3.0,6.0,14.0,195.0,77.0,137.0,221781.0,443392.0,26078.6,214.0,42.0
506115.0,785062.0,6.0,147129.0,2.0,1.0,15.0,167.0,77.0,70.0,53470.5,452644.5,21018.428571428572,147.0,30.0
587022.0,811616.0,4.0,50888.0,5.0,4.0,12.0,151.0,89.0,102.0,497572.5,89449.5,10177.6,191.0,60.0
625255.0,846911.0,5.0,68992.0,3.0,3.0,15.0,195.0,106.0,73.0,459095.0,166160.0,11498.666666666666,179.0,45.0
629587.0,818914.0,2.0,74161.0,4.0,9.0,11.0,179.0,100.0,107.0,457880.5,171706.5,24720.333333333332,207.0,44.0
647422.0,750774.0,2.0,132215.0,3.0,7.0,12.0,137.0,100.0,108.0,178991.5,468430.5,44071.666666666664,208.0,36.0
513733.0,806198.0,6.0,147741.0,3.0,1.0,10.0,158.0,119.0,87.0,65467.5,448265.5,21105.85714285714,206.0,30.0
665615.0,878127.0,7.0,79813.0,3.0,1.0,13.0,158.0,110.0,138.0,444625.0,220990.0,9976.625,248.0,39.0
620142.0,723335.0,2.0,71646.0,3.0,5.0,13.0,167.0,61.0,136.0,387089.0,233053.0,23882.0,197.0,39.0
688832.0,874570.0,6.0,104427.0,4.0,5.0,13.0,159.0,57.0,125.0,362434.5,326397.5,14918.142857142857,182.0,52.0
542326.0,805591.0,4.0,56985.0,4.0,10.0,15.0,145.0,107.0,73.0,496293.5,46032.5,11397.0,180.0,60.0
508137.0,807048.0,5.0,122974.0,1.0,2.0,9.0,193.0,111.0,78.0,164382.0,343755.0,20495.666666666668,189.0,9.0
645596.0,719594.0,3.0,97328.0,4.0,2.0,8.0,154.0,64.0,90.0,293875.5,351720.5,24332.0,154.0,32.0
653370.0,895314.0,7.0,67912.0,1.0,1.0,12.0,136.0,120.0,101.0,494542.0,158828.0,8489.0,221.0,12.0
596991.0,815999.0,6.0,58064.0,3.0,10.0,8.0,137.0,87.0,86.0,520659.5,76331.5,8294.857142857143,173.0,24.0
590105.0,779743.0,5.0,67295.0,4.0,2.0,8.0,199.0,99.0,96.0,414938.5,175166.5,11215.833333333334,195.0,32.0
588202.0,793072.0,3.0,68068.0,2.0,5.0,14.0,156.0,85.0,124.0,420102.5,168099.5,17017.0,209.0,28.0
530951.0,741086.0,4.0,116318.0,3.0,8.0,15.0,171.0,106.0,118.0,187050.0,343901.0,23263.6,224.0,45.0
529761.0,776002.0,6.0,132152.0,1.0,5.0,15.0,144.0,80.0,105.0,122225.5,407535.5,18878.85714285714,185.0,15.0
536280.0,724335.0,7.0,113232.0,2.0,5.0,12.0,199.0,86.0,139.0,170838.5,365441.5,14154.0,225.0,24.0
579272.0,705431.0,6.0,69640.0,4.0,2.0,10.0,170.0,92.0,70.0,360647.5,218624.5,9948.57142857143,162.0,40.0
536331.0,747386.0,2.0,103983.0,3.0,5.0,13.0,159.0,72.0,102.0,227845.5,308485.5,34661.0,174.0,39.0
691280.0,882416.0,3.0,90028.0,3.0,10.0,8.0,163.0,119.0,93.0,476955.5,214324.5,22507.0,212.0,24.0
569576.0,801880.0,2.0,96472.0,4.0,4.0,13.0,147.0,71.0,80.0,301081.5,268494.5,32157.333333333332,151.0,52.0
594417.0,819295.0,6.0,125188.0,1.0,2.0,13.0,156.0,81.0,135.0,202503.0,391914.0,17884.0,216.0,13.0
643495.0,800644.0,7.0,93270.0,2.0,5.0,12.0,192.0,89.0,100.0,342427.0,301068.0,11658.75,189.0,24.0
633596.0,837657.0,3.0,123324.0,2.0,4.0,8.0,146.0,104.0,112.0,242950.0,390646.0,30831.0,216.0,16.0
624057.0,712356.0,5.0,113301.0,1.0,8.0,13.0,162.0,79.0,122.0,230090.5,393966.5,18883.5,201.0,13.0
550199.0,887546.0,5.0,120477.0,2.0,3.0,15.0,178.0,77.0,127.0,235843.0,314356.0,20079.5,204.0,30.0
556014.0,776692.0,6.0,108315.0,3.0,3.0,15.0,165.0,120.0,93.0,229749.5,326264.5,15473.57142857143,213.0,45.0
565576.0,894746.0,7.0,112910.0,4.0,5.0,10.0,171.0,107.0,113.0,272437.5,293138.5,14113.75,220.0,40.0
679088.0,710099.0,7.0,72223.0,2.0,8.0,12.0,163.0,113.0,93.0,413954.5,265133.5,9027.875,206.0,24.0
681635.0,864726.0,7.0,53183.0,4.0,9.0,13.0,139.0,90.0,133.0,582347.0,99288.0,6647.875,223.0,52.0
608377.0,799455.0,7.0,65698.0,4.0,1.0,14.0,180.0,95.0,71.0,433504.0,174873.0,8212.25,166.0,56.0
692252.0,803941.0,3.0,52686.0,1.0,8.0,12.0,191.0,71.0,73.0,553855.0,138397.0,13171.5,144.0,12.0
652172.0,832672.0,2.0,140673.0,4.0,8.0,10.0,153.0,73.0,86.0,196816.0,455356.0,46891.0,159.0,40.0
637719.0,811720.0,6.0,142975.0,4.0,4.0,15.0,164.0,55.0,114.0,150234.5,487484.5,20425.0,169.0,60.0
643088.0,794591.0,6.0,110396.0,2.0,4.0,13.0,171.0,94.0,119.0,274172.0,368916.0,15770.857142857143,213.0,26.0
640509.0,749893.0,5.0,143410.0,1.0,7.0,9.0,179.0,80.0,120.0,128632.5,511876.5,23901.666666666668,200.0,9.0
647221.0,850294.0,3.0,147460.0,5.0,2.0,12.0,152.0,70.0,80.0,160597.5,486623.5,36865.0,150.0,60.0
622089.0,815583.0,7.0,113889.0,5.0,5.0,15.0,150.0,85.0,74.0,258268.5,363820.5,14236.125,159.0,75.0
648340.0,802177.0,5.0,91222.0,4.0,9.0,10.0,181.0,112.0,116.0,389099.0,259241.0,15203.666666666666,228.0,40.0
523294.0,762865.0,3.0,94258.0,1.0,10.0,11.0,173.0,101.0,120.0,316184.0,207110.0,23564.5,221.0,11.0
655171.0,797665.0,6.0,64547.0,1.0,2.0,15.0,172.0,56.0,99.0,464634.5,190536.5,9221.0,155.0,15.0
618988.0,804859.0,5.0,125514.0,3.0,10.0,13.0,169.0,119.0,74.0,258692.0,360296.0,20919.0,193.0,39.0
698100.0,837899.0,3.0,132988.0,1.0,7.0,14.0,196.0,114.0,114.0,244640.0,453460.0,33247.0,228.0,14.0
650030.0,708684.0,7.0,89225.0,5.0,2.0,10.0,181.0,94.0,94.0,315866.5,334163.5,11153.125,188.0,50.0
623972.0,734657.0,2.0,121747.0,4.0,1.0,10.0,192.0,85.0,111.0,193067.0,430905.0,40582.333333333336,196.0,40.0
624078.0,781798.0,3.0,110247.0,4.0,7.0,14.0,140.0,73.0,124.0,271010.5,353067.5,27561.75,197.0,56.0
685877.0,738545.0,2.0,107712.0,5.0,10.0,11.0,183.0,68.0,75.0,333133.0,352744.0,35904.0,143.0,55.0
644241.0,874805.0,7.0,63098.0,3.0,2.0,15.0,187.0,98.0,131.0,499185.5,145055.5,7887.25,229.0,45.0
503374.0,781364.0,7.0,61478.0,4.0,5.0,8.0,161.0,55.0,75.0,390305.5,113068.5,7684.75,130.0,32.0
601462.0,700177.0,3.0,69779.0,4.0,6.0,15.0,176.0,56.0,114.0,376267.5,225194.5,17444.75,170.0,60.0
640187.0,859754.0,2.0,110828.0,1.0,3.0,9.0,179.0,56.0,120.0,306982.5,333204.5,36942.666666666664,176.0,9.0
583560.0,882426.0,4.0,115576.0,2.0,6.0,14.0,195.0,69.0,93.0,274357.5,309202.5,23115.2,162.0,28.0
619240.0,776455.0,3.0,149413.0,1.0,6.0,12.0,186.0,86.0,89.0,104215.0,515025.0,37353.25,175.0,12.0
578865.0,738976.0,5.0,139287.0,2.0,7.0,12.0,170.0,111.0,104.0,108894.0,469971.0,23214.5,215.0,24.0
640818.0,757650.0,3.0,91163.0,5.0,6.0,9.0,180.0,109.0,138.0,340165.0,300653.0,22790.75,247.0,45.0
588035.0,755016.0,3.0,148167.0,1.0,6.0,10.0,198.0,74.0,75.0,82848.0,505187.0,37041.75,149.0,10.0
650874.0,828284.0,3.0,143076.0,5.0,9.0,14.0,169.0,52.0,125.0,198511.5,452362.5,35769.0,177.0,70.0
684983.0,717859.0,2.0,133843.0,3.0,5.0,13.0,141.0,84.0,129.0,167978.5,517004.5,44614.333333333336,213.0,39.0
684369.0,829557.0,2.0,131804.0,2.0,4.0,8.0,144.0,55.0,76.0,230428.5,453940.5,43934.666666666664,131.0,16.0
671630.0,707361.0,2.0,70246.0,4.0,2.0,13.0,187.0,118.0,104.0,409312.5,262317.5,23415.333333333332,222.0,52.0
610143.0,792213.0,2.0,55630.0,2.0,9.0,13.0,167.0,85.0,78.0,508432.0,101711.0,18543.333333333332,163.0,26.0
528476.0,803291.0,7.0,113280.0,4.0,5.0,11.0,179.0,85.0,102.0,206678.0,321798.0,14160.0,187.0,44.0
664917.0,802058.0,6.0,58798.0,4.0,5.0,8.0,171.0,61.0,82.0,496671.0,168246.0,8399.714285714286,143.0,32.0
628741.0,846933.0,7.0,56894.0,2.0,5.0,9.0,174.0,52.0,117.0,503648.0,125093.0,7111.75,169.0,18.0
576777.0,713090.0,7.0,72730.0,1.0,9.0,11.0,183.0,94.0,73.0,375370.5,201406.5,9091.25,167.0,11.0
663534.0,859927.0,5.0,58938.0,1.0,6.0,15.0,171.0,107.0,103.0,528607.5,134926.5,9823.0,210.0,15.0
686538.0,797605.0,3.0,77703.0,5.0,9.0,12.0,198.0,74.0,132.0,462499.0,224039.0,19425.75,206.0,60.0
633666.0,806052.0,7.0,115176.0,5.0,2.0,11.0,152.0,71.0,95.0,252549.5,381116.5,14397.0,166.0,55.0
520168.0,896983.0,2.0,149654.0,4.0,4.0,9.0,145.0,76.0,133.0,111185.0,408983.0,49884.666666666664,209.0,36.0
520389.0,757603.0,3.0,126940.0,1.0,10.0,15.0,194.0,73.0,135.0,181428.5,338960.5,31735.0,208.0,15.0
645738.0,863715.0,4.0,103761.0,4.0,10.0,11.0,162.0,107.0,96.0,389925.5,255812.5,20752.2,203.0,44.0
680781.0,826128.0,7.0,76860.0,2.0,9.0,13.0,139.0,93.0,86.0,467395.0,213386.0,9607.5,179.0,26.0
645485.0,702547.0,2.0,104980.0,2.0,5.0,10.0,181.0,76.0,129.0,255901.5,389583.5,34993.333333333336,205.0,20.0
631117.0,869606.0,3.0,87698.0,2.0,1.0,9.0,139.0,96.0,99.0,399672.0,231445.0,21924.5,195.0,18.0
634610.0,726256.0,4.0,105279.0,4.0,9.0,10.0,158.0,59.0,99.0,289049.5,345560.5,21055.8,158.0,40.0
556598.0,849902.0,4.0,130514.0,3.0,9.0,15.0,189.0,120.0,133.0,210661.5,345936.5,26102.8,253.0,45.0
579894.0,750878.0,7.0,95846.0,4.0,10.0,13.0,150.0,66.0,140.0,324373.0,255521.0,11980.75,206.0,52.0
581432.0,847558.0,2.0,79912.0,5.0,8.0,13.0,160.0,118.0,130.0,413066.0,168366.0,26637.333333333332,248.0,65.0
644663.0,798258.0,6.0,108644.0,2.0,2.0,9.0,155.0,67.0,136.0,283248.0,361415.0,15520.57142857143,203.0,18.0
664671.0,813825.0,3.0,62177.0,2.0,6.0,12.0,160.0,70.0,132.0,494575.5,170095.5,15544.25,202.0,24.0
580508.0,816624.0,2.0,62188.0,2.0,8.0,8.0,165.0,94.0,77.0,466398.0,114110.0,20729.333333333332,171.0,16.0
660351.0,703234.0,4.0,56991.0,1.0,8.0,14.0,151.0,66.0,97.0,469956.0,190395.0,11398.2,163.0,14.0
517451.0,770875.0,4.0,52568.0,1.0,1.0,12.0,151.0,76.0,73.0,433602.0,83849.0,10513.6,149.0,12.0
636153.0,720593.0,2.0,127404.0,1.0,3.0,14.0,144.0,67.0,118.0,169125.5,467027.5,42468.0,185.0,14.0
610290.0,828062.0,2.0,101870.0,1.0,2.0,12.0,188.0,109.0,112.0,311973.0,298317.0,33956.666666666664,221.0,12.0
552852.0,893431.0,2.0,95757.0,3.0,2.0,10.0,137.0,54.0,98.0,340429.5,212422.5,31919.0,152.0,30.0
533182.0,835338.0,7.0,132541.0,3.0,4.0,11.0,185.0,83.0,95.0,146568.0,386614.0,16567.625,178.0,33.0
529558.0,833873.0,4.0,85911.0,1.0,3.0,13.0,145.0,79.0,78.0,337917.0,191641.0,17182.2,157.0,13.0
506504.0,700428.0,4.0,105905.0,3.0,1.0,13.0,160.0,52.0,130.0,179711.5,326792.5,21181.0,182.0,39.0
565733.0,731851.0,5.0,132105.0,1.0,5.0,9.0,152.0,93.0,96.0,120583.5,445149.5,22017.5,189.0,9.0
515983.0,700536.0,7.0,104079.0,4.0,6.0,13.0,138.0,64.0,121.0,188186.0,327797.0,13009.875,185.0,52.0
647888.0,834728.0,6.0,67098.0,5.0,2.0,12.0,193.0,110.0,121.0,470890.5,176997.5,9585.42857142857,231.0,60.0
620634.0,878823.0,3.0,90829.0,5.0,5.0,11.0,141.0,58.0,68.0,389610.0,231024.0,22707.25,126.0,55.0
508335.0,757721.0,6.0,54003.0,2.0,7.0,11.0,160.0,106.0,80.0,421781.0,86554.0,7714.714285714285,186.0,22.0
674274.0,877820.0,6.0,119356.0,2.0,7.0,13.0,194.0,59.0,107.0,303419.0,370855.0,17050.85714285714,166.0,26.0
549895.0,792233.0,5.0,95730.0,5.0,8.0,14.0,170.0,91.0,123.0,304818.0,245077.0,15955.0,214.0,70.0
520016.0,754494.0,7.0,123383.0,4.0,1.0,12.0,164.0,77.0,109.0,136079.0,383937.0,15422.875,186.0,48.0
502311.0,817354.0,4.0,106613.0,2.0,1.0,10.0,174.0,114.0,120.0,233139.0,269172.0,21322.6,234.0,20.0
545000.0,842756.0,7.0,109021.0,4.0,3.0,15.0,197.0,74.0,75.0,250309.5,294690.5,13627.625,149.0,60.0
653099.0,797771.0,2.0,88306.0,2.0,10.0,8.0,196.0,76.0,121.0,422439.5,230659.5,29435.333333333332,197.0,16.0
573939.0,714027.0,6.0,149902.0,4.0,9.0,15.0,194.0,119.0,139.0,70862.0,503077.0,21414.571428571428,258.0,60.0
568040.0,877489.0,5.0,136622.0,2.0,3.0,12.0,164.0,119.0,75.0,175102.5,392937.5,22770.333333333332,194.0,24.0
673958.0,842763.0,5.0,55722.0,3.0,10.0,10.0,151.0,96.0,125.0,584267.5,89690.5,9287.0,221.0,30.0
616614.0,828422.0,6.0,144644.0,4.0,1.0,11.0,165.0,79.0,95.0,140796.5,475817.5,20663.428571428572,174.0,44.0
541120.0,778500.0,2.0,61612.0,1.0,5.0,9.0,152.0,54.0,101.0,415103.0,126017.0,20537.333333333332,155.0,9.0
532232.0,777524.0,7.0,84252.0,2.0,6.0,13.0,164.0,95.0,70.0,313619.5,218612.5,10531.5,165.0,26.0
556073.0,715972.0,6.0,82440.0,5.0,8.0,15.0,180.0,58.0,101.0,320603.0,235470.0,11777.142857142857,159.0,75.0
629451.0,895138.0,4.0,97989.0,5.0,10.0,15.0,135.0,74.0,99.0,421655.5,207795.5,19597.8,173.0,75.0
566783.0,738810.0,6.0,70087.0,3.0,10.0,11.0,141.0,106.0,136.0,418934.0,147849.0,10012.42857142857,242.0,33.0
691412.0,769253.0,2.0,145509.0,1.0,5.0,13.0,139.0,79.0,78.0,150076.0,541336.0,48503.0,157.0,13.0
619141.0,712376.0,5.0,68811.0,5.0,2.0,12.0,152.0,63.0,93.0,390756.5,228384.5,11468.5,156.0,60.0
652966.0,812593.0,5.0,69621.0,3.0,1.0,8.0,164.0,86.0,114.0,453069.0,199897.0,11603.5,200.0,24.0
528256.0,773069.0,6.0,148374.0,2.0,7.0,13.0,137.0,65.0,90.0,61928.5,466327.5,21196.285714285714,155.0,26.0
601042.0,756860.0,2.0,92988.0,2.0,1.0,12.0,170.0,99.0,98.0,307255.0,293787.0,30996.0,197.0,24.0
523291.0,841204.0,3.0,90252.0,2.0,5.0,11.0,197.0,103.0,89.0,322951.5,200339.5,22563.0,192.0,22.0
600109.0,884745.0,7.0,74321.0,2.0,2.0,12.0,192.0,113.0,95.0,437043.5,163065.5,9290.125,208.0,24.0
645041.0,752476.0,7.0,63498.0,1.0,10.0,10.0,173.0,108.0,72.0,486590.0,158451.0,7937.25,180.0,10.0
623825.0,729335.0,2.0,56523.0,5.0,6.0,12.0,155.0,57.0,108.0,456154.5,167670.5,18841.0,165.0,60.0
607602.0,858063.0,4.0,96206.0,5.0,4.0,8.0,194.0,53.0,71.0,349762.0,257840.0,19241.2,124.0,40.0
543030.0,793768.0,4.0,92823.0,5.0,9.0,15.0,189.0,119.0,91.0,327994.0,215036.0,18564.6,210.0,75.0
625785.0,796611.0,4.0,71337.0,2.0,1.0,9.0,185.0,72.0,88.0,425567.5,200217.5,14267.4,160.0,18.0
671630.0,845889.0,4.0,78714.0,1.0,8.0,11.0,155.0,97.0,114.0,460019.5,211610.5,15742.8,211.0,11.0
584296.0,731786.0,5.0,128071.0,4.0,5.0,12.0,171.0,82.0,119.0,146527.0,437769.0,21345.166666666668,201.0,48.0
663529.0,790944.0,5.0,149319.0,5.0,6.0,9.0,149.0,67.0,76.0,134035.0,529494.0,24886.5,143.0,45.0
515286.0,815528.0,2.0,118682.0,1.0,1.0,15.0,167.0,83.0,95.0,190949.0,324337.0,39560.666666666664,178.0,15.0
658016.0,865597.0,4.0,112697.0,4.0,4.0,11.0,142.0,99.0,124.0,311773.5,346242.5,22539.4,223.0,44.0
676170.0,710374.0,6.0,134933.0,2.0,5.0,11.0,181.0,112.0,73.0,151474.0,524696.0,19276.14285714286,185.0,22.0
615801.0,720231.0,4.0,124042.0,2.0,9.0,9.0,139.0,53.0,120.0,201073.0,414728.0,24808.4,173.0,18.0
576829.0,805870.0,7.0,137368.0,3.0,10.0,12.0,168.0,86.0,78.0,183833.5,392995.5,17171.0,164.0,36.0
508483.0,788651.0,3.0,101657.0,3.0,4.0,12.0,178.0,71.0,124.0,242709.5,265773.5,25414.25,195.0,36.0
572334.0,897566.0,7.0,55973.0,3.0,9.0,15.0,177.0,53.0,85.0,532570.5,39763.5,6996.625,138.0,45.0
546523.0,719590.0,6.0,113621.0,5.0,6.0,8.0,199.0,95.0,109.0,180368.5,366154.5,16231.57142857143,204.0,40.0
683369.0,755676.0,6.0,89354.0,1.0,10.0,12.0,140.0,56.0,127.0,408452.5,274916.5,12764.857142857143,183.0,12.0
616371.0,852340.0,6.0,74383.0,1.0,7.0,11.0,166.0,64.0,93.0,441561.5,174809.5,10626.142857142857,157.0,11.0
543184.0,841354.0,7.0,57662.0,4.0,7.0,14.0,151.0,50.0,132.0,462397.5,80786.5,7207.75,182.0,56.0
628736.0,863990.0,4.0,139020.0,3.0,7.0,11.0,135.0,52.0,106.0,198503.0,430233.0,27804.0,158.0,33.0
531436.0,700159.0,4.0,121583.0,4.0,4.0,10.0,196.0,108.0,108.0,130233.5,401202.5,24316.6,216.0,40.0
696192.0,876112.0,2.0,122105.0,5.0,3.0,13.0,147.0,114.0,80.0,299655.0,396537.0,40701.666666666664,194.0,65.0
600416.0,779302.0,3.0,144945.0,2.0,1.0,12.0,192.0,78.0,97.0,110229.5,490186.5,36236.25,175.0,24.0
521447.0,724511.0,2.0,114405.0,5.0,3.0,14.0,179.0,63.0,71.0,167281.5,354165.5,38135.0,134.0,70.0
544374.0,858658.0,6.0,58398.0,4.0,4.0,13.0,182.0,101.0,105.0,465338.5,79035.5,8342.57142857143,206.0,52.0
524970.0,845639.0,6.0,126851.0,3.0,10.0,9.0,182.0,95.0,93.0,224359.5,300610.5,18121.571428571428,188.0,27.0
591530.0,720609.0,3.0,124328.0,4.0,8.0,12.0,186.0,101.0,125.0,175810.0,415720.0,31082.0,226.0,48.0
673122.0,897238.0,3.0,88278.0,1.0,2.0,10.0,148.0,50.0,95.0,432159.5,240962.5,22069.5,145.0,10.0
676306.0,723288.0,2.0,66457.0,1.0,6.0,8.0,160.0,81.0,77.0,438032.5,238273.5,22152.333333333332,158.0,8.0
588197.0,779302.0,6.0,146627.0,2.0,3.0,12.0,149.0,61.0,90.0,93713.0,494484.0,20946.714285714286,151.0,24.0
641477.0,712485.0,7.0,144949.0,5.0,6.0,12.0,151.0,68.0,108.0,94467.5,547009.5,18118.625,176.0,60.0
520571.0,709408.0,3.0,81850.0,5.0,10.0,15.0,144.0,109.0,132.0,339335.5,181235.5,20462.5,241.0,75.0
504320.0,706580.0,7.0,95032.0,3.0,3.0,14.0,164.0,71.0,138.0,217446.0,286874.0,11879.0,209.0,42.0
582950.0,797342.0,7.0,137660.0,2.0,10.0,14.0,189.0,96.0,111.0,181414.5,401535.5,17207.5,207.0,28.0
597016.0,787804.0,6.0,74444.0,5.0,3.0,8.0,188.0,80.0,79.0,392635.5,204380.5,10634.857142857143,159.0,40.0
585740.0,843726.0,5.0,107592.0,5.0,8.0,15.0,139.0,101.0,122.0,301042.5,284697.5,17932.0,223.0,75.0
548349.0,854964.0,2.0,59864.0,3.0,6.0,8.0,152.0,63.0,75.0,466371.0,81978.0,19954.666666666668,138.0,24.0
587586.0,740933.0,3.0,137631.0,2.0,5.0,14.0,176.0,81.0,87.0,115462.5,472123.5,34407.75,168.0,28.0
638714.0,750236.0,3.0,69965.0,1.0,4.0,8.0,144.0,118.0,125.0,415231.5,223482.5,17491.25,243.0,8.0
569982.0,838204.0,4.0,102557.0,3.0,6.0,13.0,192.0,63.0,101.0,297625.0,272357.0,20511.4,164.0,39.0
664315.0,810730.0,2.0,132059.0,2.0,8.0,13.0,150.0,87.0,87.0,225917.0,438398.0,44019.666666666664,174.0,26.0
512372.0,878370.0,3.0,114559.0,1.0,4.0,9.0,180.0,76.0,71.0,237730.0,274642.0,28639.75,147.0,9.0
671452.0,796746.0,2.0,55584.0,4.0,2.0,8.0,179.0,106.0,85.0,512492.0,158960.0,18528.0,191.0,32.0
537738.0,823031.0,2.0,115870.0,3.0,6.0,12.0,137.0,77.0,111.0,221132.5,316605.5,38623.333333333336,188.0,36.0
567822.0,710159.0,6.0,139591.0,3.0,3.0,14.0,194.0,119.0,82.0,77277.0,490545.0,19941.571428571428,201.0,42.0
547286.0,707757.0,5.0,120623.0,1.0,4.0,14.0,172.0,85.0,133.0,144272.5,403013.5,20103.833333333332,218.0,14.0
587055.0,877794.0,6.0,106261.0,2.0,9.0,13.0,157.0,72.0,92.0,333278.0,253777.0,15180.142857142857,164.0,26.0
649982.0,832534.0,6.0,128355.0,2.0,4.0,14.0,185.0,53.0,100.0,224745.0,425237.0,18336.428571428572,153.0,28.0
603780.0,763791.0,7.0,118943.0,2.0,4.0,14.0,150.0,85.0,110.0,200408.5,403371.5,14867.875,195.0,28.0
536176.0,735637.0,6.0,145766.0,1.0,6.0,8.0,147.0,114.0,69.0,53040.0,483136.0,20823.714285714286,183.0,8.0
679477.0,764803.0,6.0,87261.0,2.0,9.0,14.0,145.0,79.0,79.0,398998.0,280479.0,12465.857142857143,158.0,28.0
671462.0,829731.0,4.0,119637.0,1.0,7.0,14.0,146.0,59.0,136.0,280209.0,391253.0,23927.4,195.0,14.0
658607.0,896593.0,2.0,56816.0,3.0,7.0,14.0,150.0,50.0,130.0,559108.0,99499.0,18938.666666666668,180.0,42.0
583530.0,710040.0,2.0,88125.0,1.0,10.0,12.0,170.0,104.0,121.0,344539.0,238991.0,29375.0,225.0,12.0
653631.0,730342.0,7.0,115951.0,1.0,4.0,8.0,197.0,102.0,90.0,220518.0,433113.0,14493.875,192.0,8.0
674431.0,856101.0,3.0,109797.0,4.0,9.0,9.0,146.0,64.0,101.0,356189.0,318242.0,27449.25,165.0,36.0
698493.0,747571.0,2.0,127410.0,3.0,1.0,12.0,177.0,92.0,128.0,213768.5,484724.5,42470.0,220.0,36.0
691881.0,881862.0,5.0,90839.0,3.0,3.0,11.0,168.0,83.0,70.0,422417.0,269464.0,15139.833333333334,153.0,33.0
620214.0,899611.0,7.0,124062.0,4.0,5.0,8.0,186.0,85.0,125.0,257565.5,362648.5,15507.75,210.0,32.0
509580.0,768883.0,4.0,123140.0,5.0,9.0,15.0,162.0,60.0,79.0,177509.5,332070.5,24628.0,139.0,75.0
584015.0,724269.0,7.0,105792.0,4.0,8.0,15.0,153.0,86.0,95.0,239746.0,344269.0,13224.0,181.0,60.0
553989.0,841852.0,3.0,147158.0,2.0,1.0,8.0,159.0,62.0,82.0,109367.0,444622.0,36789.5,144.0,16.0
557674.0,825063.0,6.0,127322.0,1.0,2.0,15.0,198.0,63.0,136.0,178520.0,379154.0,18188.85714285714,199.0,15.0
639010.0,835484.0,5.0,107869.0,4.0,1.0,9.0,165.0,74.0,85.0,304923.5,334086.5,17978.166666666668,159.0,36.0
505728.0,749773.0,5.0,100534.0,1.0,9.0,15.0,137.0,72.0,119.0,253853.5,251874.5,16755.666666666668,191.0,15.0
543621.0,788333.0,5.0,60253.0,5.0,7.0,12.0,173.0,98.0,102.0,433627.0,109994.0,10042.166666666666,200.0,60.0
527250.0,784626.0,5.0,143820.0,1.0,7.0,13.0,138.0,113.0,119.0,87769.0,439481.0,23970.0,232.0,13.0
528409.0,796046.0,3.0,108126.0,2.0,10.0,10.0,167.0,88.0,76.0,279833.5,248575.5,27031.5,164.0,20.0
688314.0,872806.0,7.0,86468.0,4.0,9.0,11.0,193.0,54.0,99.0,456554.5,231759.5,10808.5,153.0,44.0
696315.0,796530.0,2.0,124475.0,2.0,8.0,13.0,187.0,98.0,121.0,265194.0,431121.0,41491.666666666664,219.0,26.0
592383.0,826939.0,3.0,116569.0,4.0,5.0,10.0,189.0,107.0,117.0,245594.5,346788.5,29142.25,224.0,40.0
575187.0,720321.0,2.0,134678.0,5.0,1.0,15.0,191.0,85.0,88.0,110883.5,464303.5,44892.666666666664,173.0,75.0
698453.0,746977.0,4.0,93630.0,4.0,8.0,15.0,182.0,96.0,135.0,364898.0,333555.0,18726.0,231.0,60.0
607647.0,798207.0,7.0,78435.0,5.0,3.0,15.0,192.0,109.0,128.0,382794.5,224852.5,9804.375,237.0,75.0
588507.0,872216.0,2.0,124399.0,3.0,7.0,8.0,159.0,107.0,96.0,241487.5,347019.5,41466.333333333336,203.0,24.0
551965.0,834998.0,4.0,97132.0,5.0,5.0,10.0,138.0,82.0,88.0,307770.5,244194.5,19426.4,170.0,50.0
541483.0,715243.0,3.0,87442.0,2.0,1.0,12.0,161.0,102.0,132.0,278759.5,262723.5,21860.5,234.0,24.0
581130.0,891071.0,6.0,122255.0,3.0,2.0,8.0,135.0,105.0,135.0,243549.5,337580.5,17465.0,240.0,24.0
660714.0,791594.0,3.0,134769.0,3.0,1.0,11.0,145.0,101.0,86.0,187305.0,473409.0,33692.25,187.0,33.0
566392.0,823362.0,6.0,101287.0,5.0,1.0,10.0,140.0,55.0,74.0,287588.5,278803.5,14469.57142857143,129.0,50.0
527694.0,841596.0,3.0,145806.0,1.0,6.0,10.0,190.0,72.0,117.0,105427.5,422266.5,36451.5,189.0,10.0
626554.0,899711.0,4.0,99211.0,5.0,5.0,11.0,195.0,74.0,105.0,369149.0,257405.0,19842.2,179.0,55.0
571467.0,765775.0,5.0,94523.0,5.0,10.0,12.0,168.0,97.0,87.0,340777.0,230690.0,15753.833333333334,184.0,60.0
544189.0,818471.0,3.0,63875.0,4.0,2.0,13.0,136.0,101.0,80.0,426479.5,117709.5,15968.75,181.0,52.0
521859.0,707939.0,5.0,97557.0,3.0,3.0,12.0,194.0,67.0,81.0,223594.5,298264.5,16259.5,148.0,36.0
634877.0,813371.0,3.0,55465.0,2.0,3.0,12.0,141.0,100.0,93.0,502519.0,132358.0,13866.25,193.0,24.0
589273.0,790301.0,5.0,119377.0,1.0,5.0,15.0,141.0,86.0,82.0,212546.5,376726.5,19896.166666666668,168.0,15.0
511550.0,750505.0,5.0,130810.0,2.0,10.0,15.0,176.0,54.0,89.0,156513.0,355037.0,21801.666666666668,143.0,30.0
646220.0,702366.0,4.0,145992.0,2.0,7.0,12.0,182.0,106.0,82.0,98489.5,547730.5,29198.4,188.0,24.0
622660.0,741192.0,6.0,126380.0,3.0,1.0,9.0,145.0,102.0,111.0,172859.5,449800.5,18054.285714285714,213.0,27.0
543337.0,731550.0,4.0,95556.0,5.0,1.0,8.0,150.0,95.0,103.0,256476.5,286860.5,19111.2,198.0,40.0
548861.0,857901.0,2.0,75116.0,5.0,3.0,8.0,158.0,120.0,89.0,404800.5,144060.5,25038.666666666668,209.0,40.0
541461.0,843856.0,6.0,67545.0,5.0,6.0,11.0,154.0,110.0,113.0,424290.0,117171.0,9649.285714285714,223.0,55.0
545595.0,717327.0,5.0,81284.0,5.0,10.0,15.0,152.0,62.0,124.0,356606.5,188988.5,13547.333333333334,186.0,75.0
517766.0,747853.0,4.0,79429.0,3.0,6.0,14.0,170.0,76.0,92.0,318858.0,198908.0,15885.8,168.0,42.0
538623.0,721997.0,7.0,119412.0,3.0,6.0,8.0,184.0,80.0,118.0,148491.0,390132.0,14926.5,198.0,24.0
613093.0,877850.0,7.0,126287.0,2.0,1.0,13.0,137.0,88.0,117.0,232192.0,380901.0,15785.875,205.0,26.0
620996.0,828982.0,4.0,143998.0,1.0,1.0,9.0,169.0,118.0,129.0,148734.5,472261.5,28799.6,247.0,9.0
501908.0,771448.0,5.0,135572.0,3.0,2.0,8.0,164.0,99.0,124.0,93190.5,408717.5,22595.333333333332,223.0,24.0
631148.0,760171.0,5.0,103827.0,5.0,6.0,11.0,151.0,72.0,102.0,284462.5,346685.5,17304.5,174.0,55.0
679241.0,898411.0,3.0,65037.0,1.0,1.0,8.0,184.0,108.0,69.0,528770.0,150471.0,16259.25,177.0,8.0
513485.0,730628.0,4.0,140296.0,4.0,5.0,15.0,200.0,94.0,85.0,62737.0,450748.0,28059.2,179.0,60.0
507558.0,883156.0,2.0,101069.0,1.0,10.0,13.0,155.0,77.0,124.0,341328.0,166230.0,33689.666666666664,201.0,13.0
654471.0,775851.0,2.0,120693.0,2.0,8.0,8.0,169.0,89.0,98.0,248983.0,405488.0,40231.0,187.0,16.0
518767.0,854572.0,5.0,80054.0,4.0,6.0,14.0,186.0,53.0,126.0,369571.5,149195.5,13342.333333333334,179.0,56.0
594689.0,701319.0,6.0,140656.0,3.0,8.0,13.0,182.0,65.0,97.0,98254.0,496435.0,20093.714285714286,162.0,39.0
583537.0,836469.0,2.0,142195.0,2.0,7.0,15.0,136.0,65.0,120.0,149899.5,433637.5,47398.333333333336,185.0,30.0
655721.0,806559.0,5.0,106474.0,3.0,2.0,12.0,197.0,115.0,115.0,304104.5,351616.5,17745.666666666668,230.0,36.0
634647.0,794081.0,2.0,105836.0,1.0,4.0,12.0,175.0,68.0,133.0,291776.5,342870.5,35278.666666666664,201.0,12.0
527890.0,738409.0,3.0,124079.0,4.0,2.0,15.0,137.0,94.0,92.0,137514.0,390376.0,31019.75,186.0,60.0
542651.0,722681.0,7.0,77270.0,2.0,4.0,12.0,145.0,77.0,131.0,315959.0,226692.0,9658.75,208.0,24.0
589240.0,746731.0,7.0,103849.0,2.0,10.0,15.0,150.0,99.0,127.0,294502.5,294737.5,12981.125,226.0,30.0
568150.0,763196.0,3.0,92412.0,4.0,9.0,11.0,138.0,54.0,130.0,326161.5,241988.5,23103.0,184.0,44.0
577168.0,735086.0,3.0,141554.0,1.0,10.0,14.0,178.0,74.0,95.0,140061.5,437106.5,35388.5,169.0,14.0
640249.0,792994.0,2.0,54434.0,1.0,9.0,11.0,172.0,107.0,79.0,528634.0,111615.0,18144.666666666668,186.0,11.0
647619.0,793190.0,5.0,101181.0,3.0,8.0,14.0,141.0,74.0,116.0,330887.0,316732.0,16863.5,190.0,42.0
654467.0,869899.0,3.0,76062.0,4.0,1.0,10.0,170.0,61.0,91.0,458537.0,195930.0,19015.5,152.0,40.0
664983.0,736838.0,3.0,95495.0,2.0,9.0,10.0,137.0,56.0,78.0,348535.0,316448.0,23873.75,134.0,20.0
615463.0,712908.0,4.0,51554.0,5.0,5.0,9.0,148.0,96.0,70.0,460780.0,154683.0,10310.8,166.0,45.0
572446.0,870038.0,3.0,132274.0,4.0,7.0,14.0,147.0,54.0,100.0,201188.5,371257.5,33068.5,154.0,56.0
594696.0,855105.0,3.0,87005.0,3.0,9.0,13.0,142.0,56.0,138.0,406657.5,188038.5,21751.25,194.0,39.0
524904.0,774466.0,6.0,65811.0,5.0,10.0,12.0,153.0,67.0,78.0,434336.5,90567.5,9401.57142857143,145.0,60.0
584033.0,829176.0,5.0,138104.0,4.0,8.0,15.0,136.0,59.0,104.0,169784.0,414249.0,23017.333333333332,163.0,60.0
508370.0,862188.0,6.0,57881.0,5.0,10.0,8.0,189.0,99.0,114.0,501662.5,6707.5,8268.714285714286,213.0,40.0
593197.0,834788.0,6.0,100726.0,4.0,7.0,12.0,187.0,91.0,121.0,316387.5,276809.5,14389.42857142857,212.0,48.0
675546.0,786507.0,6.0,64839.0,3.0,10.0,15.0,181.0,86.0,122.0,518211.0,157335.0,9262.714285714286,208.0,45.0
537143.0,873326.0,4.0,114966.0,2.0,7.0,13.0,178.0,82.0,76.0,253530.5,283612.5,22993.2,158.0,26.0
503157.0,777340.0,2.0,89738.0,1.0,9.0,15.0,187.0,81.0,114.0,311109.0,192048.0,29912.666666666668,195.0,15.0
595792.0,780647.0,2.0,80464.0,3.0,3.0,14.0,200.0,70.0,110.0,366878.5,228913.5,26821.333333333332,180.0,42.0
534796.0,852477.0,2.0,101958.0,2.0,7.0,8.0,135.0,58.0,84.0,294378.5,240417.5,33986.0,142.0,16.0
511258.0,794800.0,6.0,104308.0,2.0,9.0,14.0,177.0,95.0,97.0,261732.0,249526.0,14901.142857142857,192.0,28.0
563132.0,805585.0,2.0,148957.0,3.0,9.0,8.0,139.0,88.0,85.0,118348.5,444783.5,49652.333333333336,173.0,24.0
624433.0,875297.0,6.0,141733.0,1.0,5.0,15.0,155.0,74.0,113.0,180891.5,443541.5,20247.571428571428,187.0,15.0
512111.0,836145.0,5.0,91811.0,2.0,2.0,15.0,173.0,86.0,114.0,305652.5,206458.5,15301.833333333334,200.0,30.0
682076.0,793665.0,3.0,148100.0,5.0,6.0,13.0,151.0,109.0,133.0,151080.5,530995.5,37025.0,242.0,65.0
553490.0,894415.0,3.0,56331.0,3.0,9.0,13.0,183.0,107.0,72.0,528418.5,25071.5,14082.75,179.0,39.0
513450.0,814818.0,2.0,120128.0,3.0,10.0,15.0,152.0,71.0,71.0,233987.0,279463.0,40042.666666666664,142.0,45.0
621011.0,769323.0,6.0,122677.0,5.0,6.0,14.0,196.0,82.0,76.0,206296.5,414714.5,17525.285714285714,158.0,70.0
656169.0,764735.0,4.0,130980.0,1.0,3.0,12.0,200.0,56.0,93.0,186388.5,469780.5,26196.0,149.0,12.0
534765.0,771066.0,6.0,78783.0,3.0,8.0,13.0,165.0,89.0,70.0,350647.5,184117.5,11254.714285714286,159.0,39.0
537109.0,883382.0,7.0,105503.0,3.0,8.0,9.0,177.0,87.0,115.0,296565.5,240543.5,13187.875,202.0,27.0
510950.0,762880.0,3.0,136240.0,5.0,6.0,12.0,156.0,66.0,118.0,97526.0,413424.0,34060.0,184.0,60.0
558274.0,709074.0,7.0,60237.0,4.0,3.0,11.0,185.0,74.0,100.0,385196.0,173078.0,7529.625,174.0,44.0
642521.0,870335.0,6.0,139432.0,5.0,1.0,11.0,168.0,117.0,123.0,196639.5,445881.5,19918.85714285714,240.0,55.0
607617.0,805462.0,7.0,125676.0,2.0,3.0,15.0,164.0,87.0,93.0,195854.0,411763.0,15709.5,180.0,30.0
522202.0,828170.0,3.0,96723.0,4.0,2.0,11.0,143.0,114.0,73.0,288926.0,233276.0,24180.75,187.0,44.0
639975.0,860663.0,5.0,60199.0,1.0,10.0,12.0,185.0,118.0,137.0,558253.0,81722.0,10033.166666666666,255.0,12.0
576623.0,876236.0,3.0,64751.0,5.0,1.0,11.0,176.0,68.0,70.0,469084.5,107538.5,16187.75,138.0,55.0
533774.0,870736.0,6.0,70261.0,5.0,7.0,14.0,188.0,99.0,119.0,427590.0,106184.0,10037.285714285714,218.0,70.0
577791.0,755598.0,6.0,137347.0,3.0,3.0,14.0,164.0,70.0,131.0,113942.0,463849.0,19621.0,201.0,42.0
638318.0,865954.0,5.0,68619.0,3.0,4.0,12.0,147.0,68.0,118.0,476969.5,161348.5,11436.5,186.0,36.0
676152.0,798347.0,6.0,59148.0,2.0,10.0,13.0,184.0,107.0,107.0,547069.0,129083.0,8449.714285714286,214.0,26.0
697108.0,880380.0,7.0,102743.0,5.0,7.0,10.0,200.0,60.0,103.0,379566.0,317542.0,12842.875,163.0,50.0
685511.0,806008.0,2.0,122212.0,3.0,8.0,15.0,143.0,73.0,106.0,273674.5,411836.5,40737.333333333336,179.0,45.0
570018.0,758728.0,3.0,112885.0,4.0,9.0,14.0,160.0,69.0,92.0,243006.5,327011.5,28221.25,161.0,56.0
656130.0,716423.0,3.0,92903.0,4.0,5.0,8.0,162.0,54.0,140.0,316827.5,339302.5,23225.75,194.0,32.0
673015.0,713688.0,5.0,74724.0,1.0,1.0,8.0,178.0,106.0,72.0,393104.0,279911.0,12454.0,178.0,8.0
545669.0,718201.0,7.0,95728.0,4.0,7.0,11.0,199.0,64.0,77.0,249765.5,295903.5,11966.0,141.0,44.0
634234.0,882393.0,4.0,115760.0,1.0,4.0,15.0,145.0,51.0,138.0,295553.5,338680.5,23152.0,189.0,15.0
523773.0,754405.0,4.0,89677.0,3.0,6.0,9.0,142.0,87.0,122.0,284094.5,239678.5,17935.4,209.0,27.0
633198.0,860423.0,3.0,147282.0,3.0,8.0,14.0,169.0,101.0,106.0,174352.5,458845.5,36820.5,207.0,42.0
688912.0,771917.0,3.0,104178.0,2.0,2.0,14.0,156.0,94.0,86.0,313879.0,375033.0,26044.5,180.0,28.0
575455.0,806748.0,6.0,136584.0,1.0,8.0,11.0,182.0,108.0,79.0,157507.0,417948.0,19512.0,187.0,11.0
663565.0,748355.0,7.0,104233.0,1.0,6.0,9.0,156.0,82.0,110.0,284727.5,378837.5,13029.125,192.0,9.0
601674.0,802226.0,2.0,62186.0,3.0,3.0,9.0,191.0,95.0,112.0,453672.5,148001.5,20728.666666666668,207.0,27.0
505900.0,809405.0,7.0,92598.0,5.0,7.0,14.0,186.0,86.0,120.0,289117.0,216783.0,11574.75,206.0,70.0
698284.0,763217.0,5.0,147599.0,5.0,9.0,12.0,163.0,52.0,92.0,170104.5,528179.5,24599.833333333332,144.0,60.0
533513.0,730049.0,6.0,55316.0,3.0,3.0,11.0,159.0,109.0,122.0,407127.5,126385.5,7902.285714285715,231.0,33.0
629786.0,737281.0,6.0,125022.0,3.0,10.0,14.0,188.0,85.0,137.0,229982.0,399804.0,17860.285714285714,222.0,42.0
691388.0,811335.0,6.0,61559.0,3.0,9.0,12.0,160.0,53.0,105.0,531114.5,160273.5,8794.142857142857,158.0,36.0
649156.0,810867.0,6.0,72457.0,4.0,4.0,10.0,153.0,76.0,113.0,437540.5,211615.5,10351.0,189.0,40.0
503856.0,768757.0,3.0,77675.0,3.0,5.0,15.0,161.0,83.0,102.0,327454.5,176401.5,19418.75,185.0,45.0
654984.0,768431.0,3.0,113292.0,2.0,5.0,8.0,147.0,118.0,140.0,260231.0,394753.0,28323.0,258.0,16.0
572568.0,773539.0,2.0,114592.0,3.0,6.0,10.0,200.0,60.0,98.0,218908.0,353660.0,38197.333333333336,158.0,30.0
568614.0,791824.0,5.0,98691.0,2.0,7.0,11.0,160.0,52.0,84.0,292520.5,276093.5,16448.5,136.0,22.0
546458.0,825190.0,3.0,115636.0,4.0,8.0,12.0,142.0,105.0,93.0,240296.5,306161.5,28909.0,198.0,48.0
683685.0,754601.0,6.0,70511.0,2.0,9.0,15.0,185.0,117.0,79.0,463054.5,220630.5,10073.0,196.0,30.0
534259.0,703802.0,5.0,134781.0,4.0,8.0,15.0,155.0,108.0,99.0,95533.5,438725.5,22463.5,207.0,60.0
621793.0,855595.0,7.0,98931.0,4.0,8.0,12.0,162.0,104.0,74.0,351704.5,270088.5,12366.375,178.0,48.0
667370.0,760930.0,6.0,69230.0,2.0,1.0,13.0,151.0,118.0,76.0,433615.5,233754.5,9890.0,194.0,26.0
559701.0,789783.0,5.0,147852.0,3.0,10.0,15.0,157.0,77.0,73.0,132159.0,427542.0,24642.0,150.0,45.0
506701.0,848062.0,7.0,96596.0,3.0,9.0,9.0,192.0,52.0,104.0,312454.5,194246.5,12074.5,156.0,27.0
520219.0,714158.0,6.0,85398.0,1.0,1.0,13.0,139.0,108.0,77.0,271956.0,248263.0,12199.714285714286,185.0,13.0
584928.0,862503.0,7.0,136402.0,1.0,1.0,12.0,195.0,74.0,85.0,169954.0,414974.0,17050.25,159.0,12.0
589508.0,737952.0,3.0,87920.0,5.0,6.0,15.0,182.0,71.0,127.0,317681.5,271826.5,21980.0,198.0,75.0
697680.0,705256.0,7.0,129855.0,2.0,6.0,9.0,157.0,92.0,70.0,177748.5,519931.5,16231.875,162.0,18.0
688239.0,816921.0,6.0,92517.0,5.0,10.0,13.0,197.0,68.0,131.0,430469.0,257770.0,13216.714285714286,199.0,65.0
510141.0,738380.0,3.0,100966.0,1.0,5.0,11.0,157.0,93.0,80.0,222063.5,288077.5,25241.5,173.0,11.0
662454.0,822625.0,4.0,145796.0,4.0,1.0,13.0,176.0,52.0,120.0,159614.5,502839.5,29159.2,172.0,52.0
632769.0,841027.0,7.0,60944.0,4.0,6.0,11.0,151.0,116.0,111.0,489368.0,143401.0,7618.0,227.0,44.0
604287.0,786970.0,4.0,100572.0,3.0,9.0,12.0,141.0,63.0,71.0,322684.0,281603.0,20114.4,134.0,36.0
650757.0,759867.0,7.0,69950.0,1.0,7.0,12.0,170.0,111.0,105.0,425777.5,224979.5,8743.75,216.0,12.0
634648.0,822670.0,7.0,79220.0,1.0,8.0,15.0,200.0,116.0,90.0,420075.5,214572.5,9902.5,206.0,15.0
563465.0,892776.0,3.0,71598.0,5.0,1.0,12.0,195.0,97.0,70.0,443423.0,120042.0,17899.5,167.0,60.0
691381.0,856771.0,7.0,112884.0,1.0,3.0,14.0,156.0,79.0,99.0,314523.5,376857.5,14110.5,178.0,14.0
528434.0,895475.0,6.0,91202.0,4.0,8.0,13.0,177.0,69.0,96.0,360410.0,168024.0,13028.857142857143,165.0,52.0
523545.0,737642.0,5.0,82580.0,4.0,3.0,12.0,187.0,98.0,100.0,299609.0,223936.0,13763.333333333334,198.0,48.0
633777.0,775982.0,4.0,50512.0,2.0,6.0,8.0,144.0,68.0,79.0,506401.0,127376.0,10102.4,147.0,16.0
520696.0,858810.0,4.0,60214.0,3.0,6.0,12.0,148.0,98.0,87.0,452633.0,68063.0,12042.8,185.0,36.0
583979.0,711820.0,2.0,71716.0,2.0,6.0,11.0,163.0,68.0,74.0,365136.5,218842.5,23905.333333333332,142.0,22.0
694214.0,882922.0,5.0,76648.0,3.0,9.0,15.0,198.0,96.0,85.0,510361.5,183852.5,12774.666666666666,181.0,45.0
520755.0,714287.0,6.0,141565.0,1.0,9.0,13.0,146.0,95.0,128.0,77167.0,443588.0,20223.571428571428,223.0,13.0
691439.0,751561.0,5.0,133840.0,1.0,5.0,11.0,141.0,73.0,97.0,186356.5,505082.5,22306.666666666668,170.0,11.0
552511.0,877846.0,7.0,146376.0,3.0,10.0,12.0,141.0,58.0,112.0,171620.0,380891.0,18297.0,170.0,36.0
685661.0,870402.0,6.0,146425.0,1.0,10.0,11.0,149.0,50.0,69.0,238638.5,447022.5,20917.85714285714,119.0,11.0
600224.0,892785.0,7.0,93335.0,4.0,5.0,13.0,200.0,115.0,89.0,367122.0,233102.0,11666.875,204.0,52.0
529515.0,729234.0,5.0,74320.0,2.0,3.0,13.0,144.0,92.0,73.0,330908.5,198606.5,12386.666666666666,165.0,26.0
678056.0,863982.0,5.0,146214.0,2.0,2.0,14.0,155.0,91.0,94.0,184900.5,493155.5,24369.0,185.0,28.0
583113.0,810435.0,6.0,67036.0,5.0,6.0,15.0,167.0,51.0,75.0,430451.5,152661.5,9576.57142857143,126.0,75.0
527637.0,867907.0,2.0,87096.0,5.0,2.0,11.0,147.0,107.0,127.0,351201.5,176435.5,29032.0,234.0,55.0
696024.0,837602.0,4.0,86488.0,1.0,2.0,12.0,160.0,105.0,122.0,420631.0,275393.0,17297.6,227.0,12.0
643034.0,892814.0,5.0,94688.0,5.0,3.0,9.0,173.0,84.0,99.0,389512.0,253522.0,15781.333333333334,183.0,45.0
587975.0,708052.0,3.0,85431.0,5.0,1.0,13.0,147.0,94.0,114.0,307993.0,279982.0,21357.75,208.0,65.0
502932.0,874387.0,7.0,51547.0,2.0,1.0,9.0,146.0,60.0,107.0,474281.5,28650.5,6443.375,167.0,18.0
683163.0,797707.0,2.0,110771.0,3.0,6.0,13.0,196.0,53.0,75.0,301591.0,381572.0,36923.666666666664,128.0,39.0
595967.0,873068.0,5.0,85276.0,5.0,6.0,11.0,157.0,84.0,79.0,397522.0,198445.0,14212.666666666666,163.0,55.0
614503.0,831616.0,7.0,129507.0,2.0,4.0,14.0,163.0,75.0,115.0,197430.5,417072.5,16188.375,190.0,28.0
543821.0,838477.0,2.0,68391.0,2.0,6.0,9.0,146.0,70.0,116.0,421679.5,122141.5,22797.0,186.0,18.0
632794.0,734480.0,7.0,120138.0,3.0,9.0,10.0,155.0,52.0,105.0,224533.5,408260.5,15017.25,157.0,30.0
632159.0,818801.0,2.0,57124.0,2.0,6.0,8.0,152.0,73.0,134.0,501083.5,131075.5,19041.333333333332,207.0,16.0
592057.0,726915.0,6.0,127668.0,2.0,6.0,14.0,188.0,107.0,132.0,149141.5,442915.5,18238.285714285714,239.0,28.0
557000.0,886734.0,3.0,117072.0,1.0,7.0,14.0,162.0,50.0,122.0,262126.5,294873.5,29268.0,172.0,14.0
627884.0,885941.0,3.0,56698.0,4.0,1.0,9.0,198.0,98.0,118.0,530759.0,97125.0,14174.5,216.0,36.0
507549.0,884178.0,6.0,62638.0,2.0,6.0,11.0,150.0,53.0,97.0,445538.0,62011.0,8948.285714285714,150.0,22.0
653978.0,750919.0,7.0,70600.0,1.0,5.0,12.0,161.0,53.0,75.0,413424.5,240553.5,8825.0,128.0,12.0
664037.0,836134.0,2.0,137855.0,1.0,1.0,12.0,156.0,52.0,131.0,198892.0,465145.0,45951.666666666664,183.0,12.0
696353.0,796972.0,7.0,55340.0,3.0,8.0,8.0,169.0,64.0,115.0,533610.5,162742.5,6917.5,179.0,24.0
678535.0,708816.0,6.0,96933.0,3.0,1.0,11.0,146.0,120.0,104.0,302423.0,376112.0,13847.57142857143,224.0,33.0
691841.0,794219.0,5.0,71198.0,5.0,2.0,10.0,146.0,55.0,118.0,458463.5,233377.5,11866.333333333334,173.0,50.0
648456.0,767122.0,7.0,78677.0,1.0,3.0,12.0,164.0,87.0,68.0,385031.0,263425.0,9834.625,155.0,12.0
568702.0,849865.0,7.0,125268.0,1.0,7.0,11.0,176.0,99.0,116.0,208468.0,360234.0,15658.5,215.0,11.0
516722.0,865589.0,4.0,141800.0,1.0,2.0,12.0,197.0,91.0,87.0,123719.5,393002.5,28360.0,178.0,12.0
628266.0,719938.0,4.0,136468.0,1.0,6.0,13.0,195.0,70.0,140.0,131893.5,496372.5,27293.6,210.0,13.0
563886.0,860148.0,3.0,64481.0,5.0,1.0,14.0,163.0,113.0,108.0,455824.5,108061.5,16120.25,221.0,70.0
599626.0,848195.0,4.0,83370.0,2.0,9.0,14.0,161.0,101.0,120.0,419748.0,179878.0,16674.0,221.0,28.0
668817.0,784845.0,5.0,129661.0,1.0,1.0,13.0,147.0,87.0,113.0,206883.5,461933.5,21610.166666666668,200.0,13.0
628200.0,780949.0,4.0,107549.0,4.0,2.0,14.0,141.0,92.0,82.0,274650.0,353550.0,21509.8,174.0,56.0
614371.0,898435.0,7.0,52712.0,5.0,7.0,13.0,136.0,91.0,125.0,547378.0,66993.0,6589.0,216.0,65.0
507001.0,845327.0,2.0,87506.0,5.0,6.0,10.0,185.0,95.0,110.0,331819.5,175181.5,29168.666666666668,205.0,50.0
609622.0,753566.0,7.0,61872.0,2.0,5.0,8.0,191.0,76.0,100.0,427496.5,182125.5,7734.0,176.0,16.0
642569.0,771234.0,2.0,81525.0,1.0,10.0,14.0,135.0,81.0,136.0,431060.0,211509.0,27175.0,217.0,14.0
563396.0,793145.0,4.0,56387.0,4.0,6.0,8.0,173.0,64.0,133.0,456827.5,106568.5,11277.4,197.0,32.0
586019.0,808068.0,2.0,140760.0,5.0,7.0,12.0,167.0,82.0,83.0,144191.5,441827.5,46920.0,165.0,60.0
698719.0,801608.0,3.0,82517.0,5.0,9.0,10.0,167.0,98.0,128.0,451307.5,247411.5,20629.25,226.0,50.0
640461.0,786348.0,7.0,143458.0,2.0,6.0,9.0,192.0,74.0,125.0,135309.0,505152.0,17932.25,199.0,18.0
657245.0,778167.0,7.0,145102.0,1.0,6.0,9.0,174.0,61.0,131.0,133006.5,524238.5,18137.75,192.0,9.0
658355.0,774347.0,2.0,74667.0,4.0,7.0,8.0,167.0,112.0,85.0,426796.5,231558.5,24889.0,197.0,32.0
677780.0,888243.0,4.0,67968.0,1.0,1.0,14.0,165.0,119.0,121.0,510929.0,166851.0,13593.6,240.0,14.0
649207.0,878038.0,4.0,66618.0,2.0,9.0,9.0,172.0,63.0,114.0,526394.0,122813.0,13323.6,177.0,18.0
642181.0,766390.0,2.0,138175.0,1.0,5.0,10.0,193.0,93.0,100.0,153375.5,488805.5,46058.333333333336,193.0,10.0
591911.0,861056.0,6.0,117220.0,5.0,9.0,9.0,148.0,74.0,95.0,285001.5,306909.5,16745.714285714286,169.0,45.0
672595.0,758004.0,2.0,87199.0,1.0,7.0,8.0,149.0,78.0,121.0,375097.5,297497.5,29066.333333333332,199.0,8.0
546188.0,876416.0,4.0,53309.0,5.0,8.0,11.0,160.0,50.0,113.0,515722.5,30465.5,10661.8,163.0,55.0
549630.0,786882.0,6.0,148724.0,2.0,5.0,13.0,170.0,62.0,126.0,71314.0,478316.0,21246.285714285714,188.0,26.0
595886.0,752626.0,2.0,62563.0,2.0,4.0,12.0,158.0,110.0,118.0,424781.0,171105.0,20854.333333333332,228.0,24.0
616026.0,731088.0,2.0,80503.0,1.0,4.0,9.0,168.0,101.0,136.0,352284.5,263741.5,26834.333333333332,237.0,9.0
630489.0,717182.0,5.0,96226.0,1.0,9.0,8.0,191.0,101.0,94.0,317119.0,313370.0,16037.666666666666,195.0,8.0
636955.0,743814.0,3.0,133456.0,5.0,2.0,12.0,182.0,54.0,86.0,158250.5,478704.5,33364.0,140.0,60.0
563990.0,768773.0,7.0,93188.0,1.0,7.0,8.0,181.0,81.0,96.0,293841.0,270149.0,11648.5,177.0,8.0
638462.0,846877.0,6.0,119862.0,4.0,9.0,9.0,143.0,89.0,88.0,289570.5,348891.5,17123.14285714286,177.0,36.0
658059.0,710293.0,2.0,61132.0,1.0,2.0,9.0,169.0,106.0,76.0,439864.5,218194.5,20377.333333333332,182.0,9.0
548369.0,717441.0,5.0,67836.0,4.0,1.0,8.0,174.0,94.0,121.0,360737.5,187631.5,11306.0,215.0,32.0
524837.0,862388.0,5.0,112977.0,1.0,4.0,10.0,194.0,110.0,139.0,240926.0,283911.0,18829.5,249.0,10.0
661027.0,729123.0,6.0,117727.0,4.0,6.0,13.0,200.0,116.0,74.0,224958.5,436068.5,16818.14285714286,190.0,52.0
581950.0,739722.0,3.0,138715.0,1.0,6.0,14.0,159.0,101.0,101.0,110021.5,471928.5,34678.75,202.0,14.0
666176.0,867026.0,4.0,98867.0,2.0,8.0,15.0,196.0,59.0,121.0,387321.5,278854.5,19773.4,180.0,30.0
613678.0,893062.0,5.0,128700.0,5.0,3.0,14.0,144.0,62.0,97.0,238941.0,374737.0,21450.0,159.0,70.0
693495.0,830322.0,6.0,77570.0,5.0,3.0,9.0,182.0,109.0,79.0,449650.0,243845.0,11081.42857142857,188.0,45.0
644097.0,753962.0,3.0,71701.0,5.0,3.0,13.0,169.0,87.0,69.0,414035.0,230062.0,17925.25,156.0,65.0
539406.0,891627.0,6.0,86704.0,1.0,7.0,15.0,175.0,118.0,107.0,373529.0,165877.0,12386.285714285714,225.0,15.0
568580.0,820067.0,7.0,56749.0,2.0,4.0,12.0,135.0,66.0,124.0,459686.5,108893.5,7093.625,190.0,24.0
563955.0,876522.0,2.0,62260.0,1.0,9.0,8.0,149.0,107.0,71.0,500903.0,63052.0,20753.333333333332,178.0,8.0
510402.0,721256.0,3.0,59089.0,3.0,1.0,10.0,171.0,102.0,130.0,379725.0,130677.0,14772.25,232.0,30.0
562835.0,883760.0,2.0,138955.0,2.0,2.0,14.0,181.0,106.0,118.0,167794.0,395041.0,46318.333333333336,224.0,28.0
590862.0,743103.0,3.0,120151.0,5.0,9.0,12.0,142.0,70.0,80.0,217562.0,373300.0,30037.75,150.0,60.0
565310.0,700018.0,7.0,130004.0,1.0,8.0,13.0,163.0,52.0,97.0,120869.5,444440.5,16250.5,149.0,13.0
591776.0,876192.0,4.0,148138.0,5.0,9.0,10.0,179.0,95.0,81.0,172234.5,419541.5,29627.6,176.0,50.0
650901.0,817094.0,2.0,114705.0,5.0,2.0,10.0,176.0,96.0,69.0,276960.5,373940.5,38235.0,165.0,50.0
516828.0,714462.0,3.0,97538.0,3.0,7.0,9.0,198.0,102.0,111.0,234142.5,282685.5,24384.5,213.0,27.0
532317.0,745223.0,3.0,132129.0,2.0,8.0,12.0,200.0,95.0,79.0,126791.5,405525.5,33032.25,174.0,24.0
516158.0,778450.0,7.0,145395.0,3.0,9.0,14.0,188.0,52.0,100.0,87234.5,428923.5,18174.375,152.0,42.0
694491.0,792832.0,4.0,143994.0,5.0,4.0,11.0,135.0,89.0,101.0,169471.0,525020.0,28798.8,190.0,55.0
580419.0,730826.0,3.0,88396.0,3.0,10.0,15.0,176.0,77.0,82.0,352318.5,228100.5,22099.0,159.0,45.0
533558.0,847175.0,5.0,148077.0,2.0,4.0,9.0,182.0,116.0,134.0,97280.5,436277.5,24679.5,250.0,18.0
596157.0,807829.0,3.0,123556.0,4.0,9.0,15.0,162.0,74.0,79.0,237954.0,358203.0,30889.0,153.0,60.0
605944.0,761323.0,6.0,120786.0,4.0,8.0,10.0,159.0,103.0,121.0,213739.0,392205.0,17255.14285714286,224.0,40.0
648184.0,726983.0,4.0,138261.0,2.0,9.0,10.0,169.0,119.0,104.0,163814.0,484370.0,27652.2,223.0,20.0
696090.0,767740.0,5.0,149234.0,5.0,5.0,12.0,199.0,100.0,123.0,136824.5,559265.5,24872.333333333332,223.0,60.0
649375.0,819130.0,5.0,70453.0,4.0,7.0,12.0,170.0,115.0,134.0,460075.0,189300.0,11742.166666666666,249.0,48.0
643136.0,857919.0,5.0,143090.0,2.0,1.0,12.0,161.0,91.0,77.0,176858.0,466278.0,23848.333333333332,168.0,24.0
631301.0,819564.0,4.0,99320.0,3.0,8.0,13.0,161.0,76.0,113.0,344405.5,286895.5,19864.0,189.0,39.0
561469.0,856225.0,2.0,106506.0,3.0,9.0,10.0,174.0,106.0,120.0,312703.0,248766.0,35502.0,226.0,30.0
654498.0,764645.0,4.0,136691.0,5.0,8.0,8.0,155.0,112.0,138.0,180476.5,474021.5,27338.2,250.0,40.0
657665.0,741259.0,7.0,88825.0,1.0,6.0,13.0,143.0,73.0,97.0,339888.0,317777.0,11103.125,170.0,13.0
670179.0,762533.0,3.0,65710.0,2.0,6.0,13.0,165.0,107.0,124.0,457581.0,212598.0,16427.5,231.0,26.0
598099.0,765290.0,7.0,67520.0,2.0,9.0,9.0,141.0,103.0,75.0,432951.5,165147.5,8440.0,178.0,18.0
512510.0,708150.0,5.0,96357.0,4.0,5.0,12.0,181.0,104.0,82.0,225669.5,286840.5,16059.5,186.0,48.0
591763.0,825070.0,7.0,128694.0,5.0,5.0,10.0,165.0,85.0,90.0,188582.0,403181.0,16086.75,175.0,50.0
611487.0,716452.0,2.0,90604.0,3.0,3.0,10.0,198.0,50.0,114.0,302011.5,309475.5,30201.333333333332,164.0,30.0
587138.0,899702.0,3.0,114156.0,1.0,2.0,11.0,182.0,95.0,95.0,286937.5,300200.5,28539.0,190.0,11.0
582509.0,866266.0,6.0,81194.0,5.0,9.0,11.0,182.0,95.0,139.0,427079.0,155430.0,11599.142857142857,234.0,55.0
647470.0,756235.0,6.0,88184.0,4.0,7.0,14.0,141.0,81.0,113.0,354409.5,293060.5,12597.714285714286,194.0,56.0
665221.0,751904.0,5.0,110234.0,2.0,1.0,13.0,176.0,82.0,94.0,266341.0,398880.0,18372.333333333332,176.0,26.0
591081.0,843578.0,2.0,54601.0,5.0,6.0,14.0,198.0,89.0,84.0,504643.5,86437.5,18200.333333333332,173.0,70.0
680771.0,842283.0,4.0,52266.0,3.0,5.0,13.0,139.0,100.0,124.0,553901.0,126870.0,10453.2,224.0,39.0
627725.0,827176.0,7.0,84284.0,3.0,6.0,11.0,141.0,105.0,74.0,386141.0,241584.0,10535.5,179.0,33.0
617306.0,714214.0,6.0,79797.0,1.0,10.0,10.0,192.0,63.0,117.0,392920.5,224385.5,11399.57142857143,180.0,10.0
696006.0,890823.0,7.0,100188.0,4.0,4.0,14.0,143.0,91.0,117.0,385556.5,310449.5,12523.5,208.0,56.0
650744.0,873169.0,7.0,148764.0,1.0,2.0,11.0,170.0,90.0,75.0,158741.5,492002.5,18595.5,165.0,11.0
506788.0,855417.0,2.0,123317.0,2.0,2.0,13.0,180.0,88.0,125.0,188131.5,318656.5,41105.666666666664,213.0,26.0
679306.0,783183.0,5.0,53831.0,4.0,2.0,14.0,161.0,106.0,100.0,515167.5,164138.5,8971.833333333334,206.0,56.0
509814.0,747248.0,6.0,149191.0,1.0,3.0,8.0,184.0,100.0,103.0,28226.5,481587.5,21313.0,203.0,8.0
555553.0,756209.0,4.0,86142.0,4.0,9.0,11.0,154.0,111.0,91.0,341076.0,214477.0,17228.4,202.0,44.0
571728.0,707666.0,4.0,78673.0,4.0,7.0,12.0,179.0,77.0,94.0,333655.5,238072.5,15734.6,171.0,48.0
688828.0,866136.0,4.0,118319.0,1.0,5.0,10.0,146.0,93.0,73.0,305463.0,383365.0,23663.8,166.0,10.0
560875.0,876132.0,2.0,115616.0,1.0,3.0,9.0,141.0,101.0,98.0,256356.0,304519.0,38538.666666666664,199.0,9.0
540975.0,703481.0,4.0,63419.0,5.0,6.0,13.0,141.0,75.0,104.0,373735.0,167240.0,12683.8,179.0,65.0
660665.0,842967.0,4.0,88153.0,3.0,1.0,9.0,152.0,115.0,135.0,399055.5,261609.5,17630.6,250.0,27.0
574353.0,884315.0,2.0,140286.0,2.0,4.0,11.0,172.0,79.0,105.0,168940.5,405412.5,46762.0,184.0,22.0
565719.0,767052.0,3.0,65293.0,4.0,4.0,10.0,193.0,105.0,69.0,406349.5,159369.5,16323.25,174.0,40.0
560455.0,776230.0,4.0,79799.0,4.0,6.0,14.0,166.0,84.0,121.0,353318.0,207137.0,15959.8,205.0,56.0
680056.0,742511.0,7.0,61687.0,4.0,2.0,8.0,154.0,69.0,74.0,456840.5,223215.5,7710.875,143.0,32.0
637577.0,744443.0,5.0,99114.0,3.0,2.0,14.0,189.0,120.0,86.0,293424.5,344152.5,16519.0,206.0,42.0
676577.0,855183.0,5.0,52489.0,2.0,9.0,11.0,153.0,56.0,99.0,584116.5,92460.5,8748.166666666666,155.0,22.0
536806.0,725621.0,3.0,133466.0,4.0,2.0,9.0,161.0,99.0,85.0,97969.0,438837.0,33366.5,184.0,36.0
606327.0,838077.0,3.0,60414.0,3.0,5.0,12.0,164.0,110.0,72.0,482353.5,123973.5,15103.5,182.0,36.0
646250.0,839109.0,7.0,124667.0,5.0,5.0,15.0,163.0,53.0,129.0,239018.0,407232.0,15583.375,182.0,75.0
560976.0,719003.0,7.0,130523.0,5.0,5.0,10.0,187.0,75.0,129.0,112864.5,448111.5,16315.375,204.0,50.0
699570.0,848194.0,4.0,116981.0,2.0,7.0,12.0,199.0,113.0,111.0,314149.0,385421.0,23396.2,224.0,24.0
573022.0,817830.0,6.0,54169.0,3.0,2.0,12.0,191.0,102.0,111.0,475273.5,97748.5,7738.428571428572,213.0,36.0
519909.0,789003.0,4.0,66514.0,3.0,10.0,13.0,139.0,50.0,69.0,438223.0,81686.0,13302.8,119.0,39.0
627918.0,872779.0,5.0,78154.0,5.0,6.0,10.0,165.0,100.0,124.0,441865.0,186053.0,13025.666666666666,224.0,50.0
630255.0,768636.0,2.0,136449.0,2.0,6.0,15.0,192.0,120.0,136.0,157874.0,472381.0,45483.0,256.0,30.0
652175.0,756878.0,3.0,96686.0,5.0,4.0,10.0,190.0,115.0,140.0,320008.0,332167.0,24171.5,255.0,50.0
600762.0,858008.0,2.0,118272.0,4.0,10.0,9.0,152.0,118.0,79.0,307008.0,293754.0,39424.0,197.0,36.0
